seed,metric,order,remove_ratio,L2,improvement_pct,mean_failure
0,Residual,asc,0.0,0.5471465255000134,0.0,0.0028864614081936667
0,Residual,asc,0.05,0.5482397797185916,-0.19981013633946074,0.0028864614081936667
0,Residual,asc,0.1,0.551341847321205,-0.7667638604407861,0.0028864614081936667
0,Residual,asc,0.15000000000000002,0.5536442706975114,-1.187569489098009,0.0028864614081936667
0,Residual,asc,0.2,0.5568453530651095,-1.772619785208864,0.0028864614081936667
0,Residual,asc,0.25,0.557014176776477,-1.803475086942385,0.0028864614081936667
0,Residual,asc,0.30000000000000004,0.5578318783551409,-1.9529234596459562,0.0028864614081936667
0,Residual,asc,0.35000000000000003,0.5573485056560311,-1.864579172223483,0.0028864614081936667
0,Residual,asc,0.4,0.5568272715833952,-1.7693150979136623,0.0028864614081936667
0,Residual,asc,0.45,0.5568846607838409,-1.7798039154005847,0.0028864614081936667
0,Residual,asc,0.5,0.5573855464154733,-1.8713489784300323,0.0028864614081936667
0,Residual,asc,0.55,0.5569949450776343,-1.799960178604953,0.0028864614081936667
0,Residual,asc,0.6000000000000001,0.5570879359938774,-1.8169557934739633,0.0028864614081936667
0,Residual,asc,0.65,0.5562908292984982,-1.6712714734189644,0.0028864614081936667
0,Residual,asc,0.7000000000000001,0.5556565323320644,-1.5553433011886564,0.0028864614081936667
0,Residual,asc,0.75,0.5635562378083612,-2.999144021494358,0.0028864614081936667
0,Residual,asc,0.8,0.5809256853957433,-6.173695403596062,0.0028864614081936667
0,Residual,asc,0.8500000000000001,0.6029942996793876,-10.207096559433927,0.0028864614081936667
0,Residual,asc,0.9,0.6496038758480687,-18.725760938429413,0.0028864614081936667
0,Residual,asc,0.9500000000000001,0.7645680669257955,-39.73735211552152,0.0028864614081936667
0,Chaos,asc,0.0,0.5471465255000133,0.0,0.0028864614081936667
0,Chaos,asc,0.05,0.5480681962036499,-0.16845043524571493,0.0028864614081936667
0,Chaos,asc,0.1,0.5467514816576957,0.07220074036960666,0.0028864614081936667
0,Chaos,asc,0.15000000000000002,0.5464724393881928,0.1232002910380355,0.0028864614081936667
0,Chaos,asc,0.2,0.545476040899316,0.3053084544712615,0.0028864614081936667
0,Chaos,asc,0.25,0.5454774473975378,0.30505139385655805,0.0028864614081936667
0,Chaos,asc,0.30000000000000004,0.5448689734472195,0.41625998642912515,0.0028864614081936667
0,Chaos,asc,0.35000000000000003,0.5450383405612268,0.3853053689521153,0.0028864614081936667
0,Chaos,asc,0.4,0.5440573338583985,0.5646004310804552,0.0028864614081936667
0,Chaos,asc,0.45,0.5421640818499887,0.9106232823961389,0.0028864614081936667
0,Chaos,asc,0.5,0.5424105649874518,0.8655744470338261,0.0028864614081936667
0,Chaos,asc,0.55,0.5406469054533594,1.1879121485262514,0.0028864614081936667
0,Chaos,asc,0.6000000000000001,0.5453787202857439,0.3230953925283409,0.0028864614081936667
0,Chaos,asc,0.65,0.5475972201391484,-0.08237183608598844,0.0028864614081936667
0,Chaos,asc,0.7000000000000001,0.5560308805229408,-1.6237615718766523,0.0028864614081936667
0,Chaos,asc,0.75,0.5734488562491717,-4.807182267148986,0.0028864614081936667
0,Chaos,asc,0.8,0.5805713972202357,-6.108943429673947,0.0028864614081936667
0,Chaos,asc,0.8500000000000001,0.5604232195834666,-2.426533563622714,0.0028864614081936667
0,Chaos,asc,0.9,0.575507459590382,-5.183425786072724,0.0028864614081936667
0,Chaos,asc,0.9500000000000001,0.5872391228691046,-7.327579633710083,0.0028864614081936667
0,Failure,asc,0.0,0.5471465255000134,0.0,0.0028864614081936667
0,Failure,asc,0.05,0.5480162950426073,-0.1589646469561393,0.0028864614081936667
0,Failure,asc,0.1,0.5495812955315496,-0.44499415020704136,0.0028864614081936667
0,Failure,asc,0.15000000000000002,0.5546406025005503,-1.3696654646007895,0.0028864614081936667
0,Failure,asc,0.2,0.5583864836446425,-2.054286671080909,0.0028864614081936667
0,Failure,asc,0.25,0.5624266883503528,-2.792700334956074,0.0028864614081936667
0,Failure,asc,0.30000000000000004,0.5663366245440187,-3.5073052920272616,0.0028864614081936667
0,Failure,asc,0.35000000000000003,0.570260488341785,-4.224455747141725,0.0028864614081936667
0,Failure,asc,0.4,0.5733119938857039,-4.782168425867087,0.0028864614081936667
0,Failure,asc,0.45,0.5805250038478282,-6.100464280077751,0.0028864614081936667
0,Failure,asc,0.5,0.5920105422890611,-8.199634777548564,0.0028864614081936667
0,Failure,asc,0.55,0.6087290300893311,-11.25521258369321,0.0028864614081936667
0,Failure,asc,0.6000000000000001,0.6255938038310362,-14.33752654452722,0.0028864614081936667
0,Failure,asc,0.65,0.6411910325039446,-17.188175858009515,0.0028864614081936667
0,Failure,asc,0.7000000000000001,0.6559509797377825,-19.885798258215644,0.0028864614081936667
0,Failure,asc,0.75,0.6703345340992525,-22.514628688661215,0.0028864614081936667
0,Failure,asc,0.8,0.6952885157387427,-27.075378044911975,0.0028864614081936667
0,Failure,asc,0.8500000000000001,0.7540650162911864,-37.81774737618578,0.0028864614081936667
0,Failure,asc,0.9,0.8867625477798495,-62.07039731623551,0.0028864614081936667
0,Failure,asc,0.9500000000000001,1.1698984989444234,-113.81813543918679,0.0028864614081936667
0,Residual,desc,0.0,0.5471465255000132,0.0,0.0028864614081936667
0,Residual,desc,0.05,0.531278058150898,2.900222629507458,0.0028864614081936667
0,Residual,desc,0.1,0.5318009159290796,2.8046617963825833,0.0028864614081936667
0,Residual,desc,0.15000000000000002,0.5337024867957416,2.457118537303268,0.0028864614081936667
0,Residual,desc,0.2,0.5355897006263697,2.1121992619951735,0.0028864614081936667
0,Residual,desc,0.25,0.5397082012356645,1.3594757377927407,0.0028864614081936667
0,Residual,desc,0.30000000000000004,0.5422566370367108,0.8937073042424516,0.0028864614081936667
0,Residual,desc,0.35000000000000003,0.540665533126788,1.1845076357384334,0.0028864614081936667
0,Residual,desc,0.4,0.5390822481499675,1.4738789289900138,0.0028864614081936667
0,Residual,desc,0.45,0.5371013188868374,1.8359262363945175,0.0028864614081936667
0,Residual,desc,0.5,0.5347504059371129,2.2655941297574813,0.0028864614081936667
0,Residual,desc,0.55,0.5330946644948439,2.5682080302580608,0.0028864614081936667
0,Residual,desc,0.6000000000000001,0.53031921962075,3.0754660945503476,0.0028864614081936667
0,Residual,desc,0.65,0.5254681894948038,3.9620714004166486,0.0028864614081936667
0,Residual,desc,0.7000000000000001,0.5185900603482627,5.219162293985871,0.0028864614081936667
0,Residual,desc,0.75,0.5137762237160738,6.098969878944905,0.0028864614081936667
0,Residual,desc,0.8,0.5037239716239429,7.936183792154823,0.0028864614081936667
0,Residual,desc,0.8500000000000001,0.5064982270944051,7.429143110880844,0.0028864614081936667
0,Residual,desc,0.9,0.5066402686444612,7.403182688318287,0.0028864614081936667
0,Residual,desc,0.9500000000000001,0.5253836137532132,3.9775290041203926,0.0028864614081936667
0,Chaos,desc,0.0,0.5471465255000135,0.0,0.0028864614081936667
0,Chaos,desc,0.05,0.5451670470671341,0.36178214438452627,0.0028864614081936667
0,Chaos,desc,0.1,0.5440810098327342,0.5602732585166037,0.0028864614081936667
0,Chaos,desc,0.15000000000000002,0.5448599422161969,0.41791059199854746,0.0028864614081936667
0,Chaos,desc,0.2,0.5390844546306885,1.473475658455,0.0028864614081936667
0,Chaos,desc,0.25,0.5390480161682571,1.480135385005963,0.0028864614081936667
0,Chaos,desc,0.30000000000000004,0.5436698766865982,0.6354145830019121,0.0028864614081936667
0,Chaos,desc,0.35000000000000003,0.5468279662717898,0.058221922899474095,0.0028864614081936667
0,Chaos,desc,0.4,0.5482154094127245,-0.1953560633020882,0.0028864614081936667
0,Chaos,desc,0.45,0.5521730055035041,-0.9186716481288288,0.0028864614081936667
0,Chaos,desc,0.5,0.5516870239908639,-0.829850557252648,0.0028864614081936667
0,Chaos,desc,0.55,0.5529308660796215,-1.0571830963053113,0.0028864614081936667
0,Chaos,desc,0.6000000000000001,0.5515135567079458,-0.7981465666699441,0.0028864614081936667
0,Chaos,desc,0.65,0.5508455512637748,-0.6760576173596029,0.0028864614081936667
0,Chaos,desc,0.7000000000000001,0.5520344028710737,-0.8933397441559925,0.0028864614081936667
0,Chaos,desc,0.75,0.551983772036086,-0.8840861287845839,0.0028864614081936667
0,Chaos,desc,0.8,0.5538491637666407,-1.2250170574512838,0.0028864614081936667
0,Chaos,desc,0.8500000000000001,0.5506885934127952,-0.6473709961960781,0.0028864614081936667
0,Chaos,desc,0.9,0.5505526566214393,-0.6225263183957939,0.0028864614081936667
0,Chaos,desc,0.9500000000000001,0.5302301912494375,3.091737489352954,0.0028864614081936667
0,Failure,desc,0.0,0.5471465255000131,0.0,0.0028864614081936667
0,Failure,desc,0.05,0.5123054716412291,6.367773938972618,0.0028864614081936667
0,Failure,desc,0.1,0.501982091009254,8.25454103898135,0.0028864614081936667
0,Failure,desc,0.15000000000000002,0.5010135176593692,8.431563701969042,0.0028864614081936667
0,Failure,desc,0.2,0.501512452248764,8.340375223902987,0.0028864614081936667
0,Failure,desc,0.25,0.4975194946289775,9.0701537080371,0.0028864614081936667
0,Failure,desc,0.30000000000000004,0.4910044488585221,10.26088516054912,0.0028864614081936667
0,Failure,desc,0.35000000000000003,0.4856749055236264,11.234946602322013,0.0028864614081936667
0,Failure,desc,0.4,0.48334710517610396,11.660390288617046,0.0028864614081936667
0,Failure,desc,0.45,0.4845046864567861,11.44882332680105,0.0028864614081936667
0,Failure,desc,0.5,0.4903251822824168,10.385032266387835,0.0028864614081936667
0,Failure,desc,0.55,0.4953038821402002,9.47509322341692,0.0028864614081936667
0,Failure,desc,0.6000000000000001,0.4973655560633497,9.098288505290379,0.0028864614081936667
0,Failure,desc,0.65,0.49361386712584465,9.783971181256664,0.0028864614081936667
0,Failure,desc,0.7000000000000001,0.49186388397716163,10.103809299041254,0.0028864614081936667
0,Failure,desc,0.75,0.49190838949130394,10.095675186501357,0.0028864614081936667
0,Failure,desc,0.8,0.4937532395652534,9.758498582434733,0.0028864614081936667
0,Failure,desc,0.8500000000000001,0.4959604104669563,9.35510190552339,0.0028864614081936667
0,Failure,desc,0.9,0.5197107929431397,5.014330033769485,0.0028864614081936667
0,Failure,desc,0.9500000000000001,0.5250255338070664,4.042973986306736,0.0028864614081936667
1,Residual,asc,0.0,0.5407317677707031,0.0,0.0018546150984682062
1,Residual,asc,0.05,0.5364399915149511,0.793697820537866,0.0018546150984682062
1,Residual,asc,0.1,0.5308079241383654,1.8352618107219971,0.0018546150984682062
1,Residual,asc,0.15000000000000002,0.5249446719189229,2.919579871710937,0.0018546150984682062
1,Residual,asc,0.2,0.5208487935989075,3.6770493906374284,0.0018546150984682062
1,Residual,asc,0.25,0.5156666836154405,4.635400701275493,0.0018546150984682062
1,Residual,asc,0.30000000000000004,0.5110859703066267,5.4825329731038925,0.0018546150984682062
1,Residual,asc,0.35000000000000003,0.5075429680342055,6.137756594794937,0.0018546150984682062
1,Residual,asc,0.4,0.5010115625834966,7.345639290061068,0.0018546150984682062
1,Residual,asc,0.45,0.49259679817250307,8.901820175398242,0.0018546150984682062
1,Residual,asc,0.5,0.48242415532864497,10.783093562718776,0.0018546150984682062
1,Residual,asc,0.55,0.47068391583978675,12.954269770334648,0.0018546150984682062
1,Residual,asc,0.6000000000000001,0.45659211409041567,15.560331146655837,0.0018546150984682062
1,Residual,asc,0.65,0.4515905234819629,16.48529818328345,0.0018546150984682062
1,Residual,asc,0.7000000000000001,0.449174727722772,16.93206234680774,0.0018546150984682062
1,Residual,asc,0.75,0.4397893546203314,18.667742338596284,0.0018546150984682062
1,Residual,asc,0.8,0.4336499231963078,19.80313548358107,0.0018546150984682062
1,Residual,asc,0.8500000000000001,0.4317113962147692,20.16163614825084,0.0018546150984682062
1,Residual,asc,0.9,0.4328859232948836,19.944425481129013,0.0018546150984682062
1,Residual,asc,0.9500000000000001,0.42721833660064457,20.992558221249876,0.0018546150984682062
1,Chaos,asc,0.0,0.5407317677707031,0.0,0.0018546150984682062
1,Chaos,asc,0.05,0.5406019423657673,0.024009206167230734,0.0018546150984682062
1,Chaos,asc,0.1,0.542323240914307,-0.29431841043205065,0.0018546150984682062
1,Chaos,asc,0.15000000000000002,0.5431638271611092,-0.44977187126121493,0.0018546150984682062
1,Chaos,asc,0.2,0.5418052116309957,-0.19851688476121035,0.0018546150984682062
1,Chaos,asc,0.25,0.5412025196387265,-0.08705829693789857,0.0018546150984682062
1,Chaos,asc,0.30000000000000004,0.5398029955288344,0.1717621004029042,0.0018546150984682062
1,Chaos,asc,0.35000000000000003,0.5410394181237365,-0.05689518747931818,0.0018546150984682062
1,Chaos,asc,0.4,0.5371610197006953,0.660354778993115,0.0018546150984682062
1,Chaos,asc,0.45,0.5376204895748318,0.5753829128069001,0.0018546150984682062
1,Chaos,asc,0.5,0.5379439027537919,0.5155726338041576,0.0018546150984682062
1,Chaos,asc,0.55,0.5374398490912933,0.6087895839709101,0.0018546150984682062
1,Chaos,asc,0.6000000000000001,0.536560768268621,0.7713620228524868,0.0018546150984682062
1,Chaos,asc,0.65,0.5293320058817835,2.1082101271611657,0.0018546150984682062
1,Chaos,asc,0.7000000000000001,0.5292201917606479,2.1288884242023345,0.0018546150984682062
1,Chaos,asc,0.75,0.5279693435942774,2.360213499022236,0.0018546150984682062
1,Chaos,asc,0.8,0.5270692000786218,2.5266811580922126,0.0018546150984682062
1,Chaos,asc,0.8500000000000001,0.5215603703621343,3.545454243904972,0.0018546150984682062
1,Chaos,asc,0.9,0.5321166508923277,1.5932329838679988,0.0018546150984682062
1,Chaos,asc,0.9500000000000001,0.5107222452084326,5.5497983197828376,0.0018546150984682062
1,Failure,asc,0.0,0.5407317677707029,0.0,0.0018546150984682062
1,Failure,asc,0.05,0.5338266437963057,1.2769961718478593,0.0018546150984682062
1,Failure,asc,0.1,0.5251986560896726,2.8726094168776544,0.0018546150984682062
1,Failure,asc,0.15000000000000002,0.5182029839190535,4.166351080967502,0.0018546150984682062
1,Failure,asc,0.2,0.5097192973597895,5.735278054546298,0.0018546150984682062
1,Failure,asc,0.25,0.5011574036628602,7.318668231940119,0.0018546150984682062
1,Failure,asc,0.30000000000000004,0.4918099469462467,9.047336173006476,0.0018546150984682062
1,Failure,asc,0.35000000000000003,0.4822468508628728,10.815883288852856,0.0018546150984682062
1,Failure,asc,0.4,0.4709935382641571,12.89700987867949,0.0018546150984682062
1,Failure,asc,0.45,0.4577245155388548,15.350910965350803,0.0018546150984682062
1,Failure,asc,0.5,0.44854300583812884,17.048889565457646,0.0018546150984682062
1,Failure,asc,0.55,0.4379746518195871,19.003343630938634,0.0018546150984682062
1,Failure,asc,0.6000000000000001,0.4284763325384206,20.7599112763584,0.0018546150984682062
1,Failure,asc,0.65,0.4174773001882028,22.794012656339085,0.0018546150984682062
1,Failure,asc,0.7000000000000001,0.40478300809986645,25.141626176564024,0.0018546150984682062
1,Failure,asc,0.75,0.38815110418906645,28.21744026815495,0.0018546150984682062
1,Failure,asc,0.8,0.371539454732346,31.289508610876144,0.0018546150984682062
1,Failure,asc,0.8500000000000001,0.3412531942858941,36.890485333829616,0.0018546150984682062
1,Failure,asc,0.9,0.31989514678688885,40.84032678425132,0.0018546150984682062
1,Failure,asc,0.9500000000000001,0.3176485813748616,41.25579440533991,0.0018546150984682062
1,Residual,desc,0.0,0.5407317677707034,0.0,0.0018546150984682062
1,Residual,desc,0.05,0.549573868310171,-1.6352101109060466,0.0018546150984682062
1,Residual,desc,0.1,0.5575659607820241,-3.113224340549423,0.0018546150984682062
1,Residual,desc,0.15000000000000002,0.5656416194817168,-4.606692855074927,0.0018546150984682062
1,Residual,desc,0.2,0.5753341550326603,-6.399177803925504,0.0018546150984682062
1,Residual,desc,0.25,0.5829588426328636,-7.809246169547503,0.0018546150984682062
1,Residual,desc,0.30000000000000004,0.5894216261470602,-9.004438296106105,0.0018546150984682062
1,Residual,desc,0.35000000000000003,0.5994921856932947,-10.866832952102143,0.0018546150984682062
1,Residual,desc,0.4,0.6081604524731676,-12.469895190448153,0.0018546150984682062
1,Residual,desc,0.45,0.6091747506717186,-12.657473997355059,0.0018546150984682062
1,Residual,desc,0.5,0.6099972813965673,-12.809588367894046,0.0018546150984682062
1,Residual,desc,0.55,0.6094252282989474,-12.703795971050354,0.0018546150984682062
1,Residual,desc,0.6000000000000001,0.6098485982488268,-12.78209171306396,0.0018546150984682062
1,Residual,desc,0.65,0.6096593739353288,-12.747097594949148,0.0018546150984682062
1,Residual,desc,0.7000000000000001,0.6174646958355479,-14.19057148818801,0.0018546150984682062
1,Residual,desc,0.75,0.623811276223644,-15.364273638934838,0.0018546150984682062
1,Residual,desc,0.8,0.6289130609509616,-16.307770032414908,0.0018546150984682062
1,Residual,desc,0.8500000000000001,0.6385593212020587,-18.091697078326447,0.0018546150984682062
1,Residual,desc,0.9,0.6363814130531606,-17.688926559058267,0.0018546150984682062
1,Residual,desc,0.9500000000000001,0.6261546213303625,-15.797639171790347,0.0018546150984682062
1,Chaos,desc,0.0,0.5407317677707034,0.0,0.0018546150984682062
1,Chaos,desc,0.05,0.5422839611200394,-0.28705421834845657,0.0018546150984682062
1,Chaos,desc,0.1,0.5417017161759727,-0.17937699670728827,0.0018546150984682062
1,Chaos,desc,0.15000000000000002,0.5440925109834001,-0.6215176198269446,0.0018546150984682062
1,Chaos,desc,0.2,0.5440937166540027,-0.6217405900081973,0.0018546150984682062
1,Chaos,desc,0.25,0.5451175583901293,-0.8110843269866269,0.0018546150984682062
1,Chaos,desc,0.30000000000000004,0.5456075157469285,-0.9016943828409553,0.0018546150984682062
1,Chaos,desc,0.35000000000000003,0.5468236601967227,-1.1266015405631804,0.0018546150984682062
1,Chaos,desc,0.4,0.5434679691180498,-0.5060182349979307,0.0018546150984682062
1,Chaos,desc,0.45,0.543424834234079,-0.4980411035361099,0.0018546150984682062
1,Chaos,desc,0.5,0.5435287608052725,-0.5172607198760145,0.0018546150984682062
1,Chaos,desc,0.55,0.5445112255463911,-0.6989524198419836,0.0018546150984682062
1,Chaos,desc,0.6000000000000001,0.5458692469011199,-0.9500975227693765,0.0018546150984682062
1,Chaos,desc,0.65,0.5401532010634986,0.10699698846806753,0.0018546150984682062
1,Chaos,desc,0.7000000000000001,0.543014069999767,-0.422076594181418,0.0018546150984682062
1,Chaos,desc,0.75,0.5391204538648008,0.2979876533878641,0.0018546150984682062
1,Chaos,desc,0.8,0.5374727595850143,0.6027032957810454,0.0018546150984682062
1,Chaos,desc,0.8500000000000001,0.5269771967480872,2.5436957549808397,0.0018546150984682062
1,Chaos,desc,0.9,0.5260969692883198,2.7064802467069864,0.0018546150984682062
1,Chaos,desc,0.9500000000000001,0.5433721134615929,-0.48829120984973834,0.0018546150984682062
1,Failure,desc,0.0,0.5407317677707034,0.0,0.0018546150984682062
1,Failure,desc,0.05,0.5591317348127756,-3.402790096452151,0.0018546150984682062
1,Failure,desc,0.1,0.5798706477387319,-7.238132157351858,0.0018546150984682062
1,Failure,desc,0.15000000000000002,0.5988732768421362,-10.752375306362175,0.0018546150984682062
1,Failure,desc,0.2,0.6132622513588123,-13.413394202292425,0.0018546150984682062
1,Failure,desc,0.25,0.6312880346424546,-16.746984784173343,0.0018546150984682062
1,Failure,desc,0.30000000000000004,0.6482751457663257,-19.888488970972745,0.0018546150984682062
1,Failure,desc,0.35000000000000003,0.6648672799598896,-22.95694826678385,0.0018546150984682062
1,Failure,desc,0.4,0.684031080869618,-26.500997655399527,0.0018546150984682062
1,Failure,desc,0.45,0.7044420088032052,-30.275683950923867,0.0018546150984682062
1,Failure,desc,0.5,0.7242637950478658,-33.94141757822315,0.0018546150984682062
1,Failure,desc,0.55,0.7442207363945496,-37.63214605695875,0.0018546150984682062
1,Failure,desc,0.6000000000000001,0.7544152569521209,-39.5174653899805,0.0018546150984682062
1,Failure,desc,0.65,0.7672177014304727,-41.88508002655586,0.0018546150984682062
1,Failure,desc,0.7000000000000001,0.7834850904720103,-44.893482715490485,0.0018546150984682062
1,Failure,desc,0.75,0.7865697870412645,-45.4639497664595,0.0018546150984682062
1,Failure,desc,0.8,0.8047812131275262,-48.83187212126078,0.0018546150984682062
1,Failure,desc,0.8500000000000001,0.8029961628832426,-48.50175461186368,0.0018546150984682062
1,Failure,desc,0.9,0.8120953514803683,-50.18450919361117,0.0018546150984682062
1,Failure,desc,0.9500000000000001,0.7875556778102737,-45.6462750574395,0.0018546150984682062
12,Residual,asc,0.0,0.5406573195487688,0.0,0.00136612627237857
12,Residual,asc,0.05,0.5374563044176037,0.5920598899570372,0.00136612627237857
12,Residual,asc,0.1,0.5337617484458806,1.2754051140273497,0.00136612627237857
12,Residual,asc,0.15000000000000002,0.5301549935313506,1.9425106509578745,0.00136612627237857
12,Residual,asc,0.2,0.5289775174450159,2.1602966761831506,0.00136612627237857
12,Residual,asc,0.25,0.5257412347525502,2.758879655724918,0.00136612627237857
12,Residual,asc,0.30000000000000004,0.5211351475612147,3.6108217315632163,0.00136612627237857
12,Residual,asc,0.35000000000000003,0.5171519956327686,4.347545675626425,0.00136612627237857
12,Residual,asc,0.4,0.5130084387154696,5.113938133007221,0.00136612627237857
12,Residual,asc,0.45,0.5043529267193759,6.714861986829746,0.00136612627237857
12,Residual,asc,0.5,0.49802981264663254,7.884385425080917,0.00136612627237857
12,Residual,asc,0.55,0.4906557731833053,9.24828806668052,0.00136612627237857
12,Residual,asc,0.6000000000000001,0.4835957971629424,10.554101520987427,0.00136612627237857
12,Residual,asc,0.65,0.47303143415123383,12.50808653695383,0.00136612627237857
12,Residual,asc,0.7000000000000001,0.46696939261775616,13.629321987633944,0.00136612627237857
12,Residual,asc,0.75,0.45672388092889565,15.524332249847983,0.00136612627237857
12,Residual,asc,0.8,0.44831504148165563,17.079631538916708,0.00136612627237857
12,Residual,asc,0.8500000000000001,0.43518367354133136,19.50840989177128,0.00136612627237857
12,Residual,asc,0.9,0.429531159414756,20.553899136473067,0.00136612627237857
12,Residual,asc,0.9500000000000001,0.4204197695449965,22.239142180507663,0.00136612627237857
12,Chaos,asc,0.0,0.5406573195487687,0.0,0.00136612627237857
12,Chaos,asc,0.05,0.5436521472800222,-0.5539234600121489,0.00136612627237857
12,Chaos,asc,0.1,0.5449953497219437,-0.8023622387643863,0.00136612627237857
12,Chaos,asc,0.15000000000000002,0.5442688797397028,-0.6679943210513297,0.00136612627237857
12,Chaos,asc,0.2,0.5463005015895448,-1.043763181729577,0.00136612627237857
12,Chaos,asc,0.25,0.5479840007366702,-1.3551432530343441,0.00136612627237857
12,Chaos,asc,0.30000000000000004,0.5463618352676125,-1.0551074613407172,0.00136612627237857
12,Chaos,asc,0.35000000000000003,0.5496475797206831,-1.6628388901527587,0.00136612627237857
12,Chaos,asc,0.4,0.5485013660943301,-1.4508351708080063,0.00136612627237857
12,Chaos,asc,0.45,0.5495449649167053,-1.6438592518000557,0.00136612627237857
12,Chaos,asc,0.5,0.5526480113467451,-2.2177988467785488,0.00136612627237857
12,Chaos,asc,0.55,0.5514091623519439,-1.988661285885978,0.00136612627237857
12,Chaos,asc,0.6000000000000001,0.5492899435976213,-1.596690498162003,0.00136612627237857
12,Chaos,asc,0.65,0.5549823350610549,-2.6495554567247472,0.00136612627237857
12,Chaos,asc,0.7000000000000001,0.5531651448916232,-2.3134478884505696,0.00136612627237857
12,Chaos,asc,0.75,0.5514394313234702,-1.9942598361010218,0.00136612627237857
12,Chaos,asc,0.8,0.5440660781984594,-0.6304841396645926,0.00136612627237857
12,Chaos,asc,0.8500000000000001,0.5424517062850118,-0.3318898443362783,0.00136612627237857
12,Chaos,asc,0.9,0.5588493080895162,-3.3647909466814263,0.00136612627237857
12,Chaos,asc,0.9500000000000001,0.572229337511321,-5.839561737350046,0.00136612627237857
12,Failure,asc,0.0,0.5406573195487687,0.0,0.00136612627237857
12,Failure,asc,0.05,0.5307165305399285,1.8386487428186062,0.00136612627237857
12,Failure,asc,0.1,0.5231834171515789,3.2319737041151124,0.00136612627237857
12,Failure,asc,0.15000000000000002,0.5138243701654897,4.963023418544261,0.00136612627237857
12,Failure,asc,0.2,0.5068687900003211,6.249527811192383,0.00136612627237857
12,Failure,asc,0.25,0.4983849101552451,7.818706575322806,0.00136612627237857
12,Failure,asc,0.30000000000000004,0.4874377688393919,9.843490282124312,0.00136612627237857
12,Failure,asc,0.35000000000000003,0.47714067288706163,11.748041571825556,0.00136612627237857
12,Failure,asc,0.4,0.46532972481951845,13.932595010850587,0.00136612627237857
12,Failure,asc,0.45,0.4553419623019616,15.779931975768143,0.00136612627237857
12,Failure,asc,0.5,0.44136533030748476,18.36505040274916,0.00136612627237857
12,Failure,asc,0.55,0.425676169872786,21.266918160276774,0.00136612627237857
12,Failure,asc,0.6000000000000001,0.41359649019363504,23.501176209207404,0.00136612627237857
12,Failure,asc,0.65,0.3983202219523364,26.326675409708038,0.00136612627237857
12,Failure,asc,0.7000000000000001,0.38091966423067986,29.545083279628127,0.00136612627237857
12,Failure,asc,0.75,0.36901018612929204,31.747860837754487,0.00136612627237857
12,Failure,asc,0.8,0.3493151066211624,35.39066355141554,0.00136612627237857
12,Failure,asc,0.8500000000000001,0.32770421785778264,39.387814423508814,0.00136612627237857
12,Failure,asc,0.9,0.32629438621144474,39.64857694264285,0.00136612627237857
12,Failure,asc,0.9500000000000001,0.3566359084784658,34.036607739609764,0.00136612627237857
12,Residual,desc,0.0,0.5406573195487689,0.0,0.00136612627237857
12,Residual,desc,0.05,0.5486682131502466,-1.4816952091138864,0.00136612627237857
12,Residual,desc,0.1,0.5571703952057238,-3.054259150830803,0.00136612627237857
12,Residual,desc,0.15000000000000002,0.5649433649874788,-4.4919479604898145,0.00136612627237857
12,Residual,desc,0.2,0.5709747444954114,-5.60751216166745,0.00136612627237857
12,Residual,desc,0.25,0.5772221234690931,-6.763027632889722,0.00136612627237857
12,Residual,desc,0.30000000000000004,0.581367798633935,-7.529811881422941,0.00136612627237857
12,Residual,desc,0.35000000000000003,0.588116272859239,-8.778009950938817,0.00136612627237857
12,Residual,desc,0.4,0.5908171378528433,-9.277562050937844,0.00136612627237857
12,Residual,desc,0.45,0.5946031858412397,-9.97782964216481,0.00136612627237857
12,Residual,desc,0.5,0.5954711994667682,-10.138377477946058,0.00136612627237857
12,Residual,desc,0.55,0.5966681133296463,-10.359758715118074,0.00136612627237857
12,Residual,desc,0.6000000000000001,0.5934101025510627,-9.757156907876716,0.00136612627237857
12,Residual,desc,0.65,0.5953354389697475,-10.113267210848594,0.00136612627237857
12,Residual,desc,0.7000000000000001,0.5981382634876392,-10.631677748641911,0.00136612627237857
12,Residual,desc,0.75,0.597493335984027,-10.512391931120662,0.00136612627237857
12,Residual,desc,0.8,0.5992824495963586,-10.843306458241976,0.00136612627237857
12,Residual,desc,0.8500000000000001,0.616267110144149,-13.984789969824844,0.00136612627237857
12,Residual,desc,0.9,0.6204503676157395,-14.758525443355797,0.00136612627237857
12,Residual,desc,0.9500000000000001,0.6156756949838936,-13.8754017975258,0.00136612627237857
12,Chaos,desc,0.0,0.5406573195487686,0.0,0.00136612627237857
12,Chaos,desc,0.05,0.5388696772857602,0.330642386290153,0.00136612627237857
12,Chaos,desc,0.1,0.5387475232824223,0.35323599575795345,0.00136612627237857
12,Chaos,desc,0.15000000000000002,0.5403651526933736,0.05403919355773394,0.00136612627237857
12,Chaos,desc,0.2,0.5398236057533029,0.1542037378059586,0.00136612627237857
12,Chaos,desc,0.25,0.5370629217314472,0.6648199677239699,0.00136612627237857
12,Chaos,desc,0.30000000000000004,0.5352739044564657,0.9957166762850591,0.00136612627237857
12,Chaos,desc,0.35000000000000003,0.5331573073239959,1.3872025687236036,0.00136612627237857
12,Chaos,desc,0.4,0.5349241784992649,1.060402003673713,0.00136612627237857
12,Chaos,desc,0.45,0.5319758359883037,1.6057275554339094,0.00136612627237857
12,Chaos,desc,0.5,0.5290427068395067,2.148239243104195,0.00136612627237857
12,Chaos,desc,0.55,0.529989036855422,1.973206004544682,0.00136612627237857
12,Chaos,desc,0.6000000000000001,0.5291233156213891,2.1333298395008726,0.00136612627237857
12,Chaos,desc,0.65,0.52468588709905,2.954076801003708,0.00136612627237857
12,Chaos,desc,0.7000000000000001,0.5278685540047855,2.365410599574716,0.00136612627237857
12,Chaos,desc,0.75,0.5198749802452823,3.843902330006587,0.00136612627237857
12,Chaos,desc,0.8,0.5198121282344692,3.8555274405045985,0.00136612627237857
12,Chaos,desc,0.8500000000000001,0.5218169880647813,3.484708484056304,0.00136612627237857
12,Chaos,desc,0.9,0.5051261763099434,6.571841710841802,0.00136612627237857
12,Chaos,desc,0.9500000000000001,0.48656875747707845,10.004222659342215,0.00136612627237857
12,Failure,desc,0.0,0.5406573195487689,0.0,0.00136612627237857
12,Failure,desc,0.05,0.556774035366591,-2.9809484187272264,0.00136612627237857
12,Failure,desc,0.1,0.5819354810845451,-7.6348104507725445,0.00136612627237857
12,Failure,desc,0.15000000000000002,0.6079244747068852,-12.441735777156811,0.00136612627237857
12,Failure,desc,0.2,0.630027340040398,-16.52988265584141,0.00136612627237857
12,Failure,desc,0.25,0.6495891277088953,-20.14803170537681,0.00136612627237857
12,Failure,desc,0.30000000000000004,0.6744760079277714,-24.751110091450744,0.00136612627237857
12,Failure,desc,0.35000000000000003,0.6935268285855036,-28.27475066171658,0.00136612627237857
12,Failure,desc,0.4,0.7140350134241776,-32.067945370666436,0.00136612627237857
12,Failure,desc,0.45,0.7388320020492668,-36.65439740386644,0.00136612627237857
12,Failure,desc,0.5,0.7570429612595285,-40.02269716635936,0.00136612627237857
12,Failure,desc,0.55,0.7710601536662598,-42.61531764885462,0.00136612627237857
12,Failure,desc,0.6000000000000001,0.7931850077047912,-46.70753155932137,0.00136612627237857
12,Failure,desc,0.65,0.8052575041894657,-48.940461004307004,0.00136612627237857
12,Failure,desc,0.7000000000000001,0.8167810137938297,-51.07184981339249,0.00136612627237857
12,Failure,desc,0.75,0.8216210458938574,-51.967062349138274,0.00136612627237857
12,Failure,desc,0.8,0.8318650964667029,-53.861802363274236,0.00136612627237857
12,Failure,desc,0.8500000000000001,0.8635951347793983,-59.730591551068315,0.00136612627237857
12,Failure,desc,0.9,0.8735884855643075,-61.57896212214457,0.00136612627237857
12,Failure,desc,0.9500000000000001,0.8950699241200328,-65.55216987852039,0.00136612627237857
33,Residual,asc,0.0,0.5006208089673968,0.0,0.27785705897127017
33,Residual,asc,0.05,0.5005647859213962,0.011190714608161024,0.27785705897127017
33,Residual,asc,0.1,0.5012660446419197,-0.12888710636175835,0.27785705897127017
33,Residual,asc,0.15000000000000002,0.5030751171098568,-0.490252921671857,0.27785705897127017
33,Residual,asc,0.2,0.5034121639074118,-0.5575786883035504,0.27785705897127017
33,Residual,asc,0.25,0.505222815379788,-0.9192599128836606,0.27785705897127017
33,Residual,asc,0.30000000000000004,0.5069316004023631,-1.2605931119769456,0.27785705897127017
33,Residual,asc,0.35000000000000003,0.5071291827096112,-1.300060569922937,0.27785705897127017
33,Residual,asc,0.4,0.5072992652156774,-1.3340348880135144,0.27785705897127017
33,Residual,asc,0.45,0.5070891153445042,-1.2920570342349935,0.27785705897127017
33,Residual,asc,0.5,0.5106961251930016,-2.0125644090557406,0.27785705897127017
33,Residual,asc,0.55,0.5054706622043793,-0.9687678079115472,0.27785705897127017
33,Residual,asc,0.6000000000000001,0.5029723586614497,-0.46972671769344704,0.27785705897127017
33,Residual,asc,0.65,0.49207943612886723,1.7061561736012119,0.27785705897127017
33,Residual,asc,0.7000000000000001,0.4894699429881556,2.22740760661577,0.27785705897127017
33,Residual,asc,0.75,0.47523751531041813,5.070363277414577,0.27785705897127017
33,Residual,asc,0.8,0.4623097407545056,7.652711898235584,0.27785705897127017
33,Residual,asc,0.8500000000000001,0.4466655601877718,10.777668010028494,0.27785705897127017
33,Residual,asc,0.9,0.419591052851704,16.185854575807276,0.27785705897127017
33,Residual,asc,0.9500000000000001,0.38882185792367696,22.332062319646965,0.27785705897127017
33,Chaos,asc,0.0,0.5006208089673969,0.0,0.27785705897127017
33,Chaos,asc,0.05,0.5001291774380021,0.09820437356746307,0.27785705897127017
33,Chaos,asc,0.1,0.5008756492416243,-0.05090485047016764,0.27785705897127017
33,Chaos,asc,0.15000000000000002,0.5003543334776049,0.05322900786757493,0.27785705897127017
33,Chaos,asc,0.2,0.4990870499313391,0.3063714109729861,0.27785705897127017
33,Chaos,asc,0.25,0.49999205440937355,0.12559497063660946,0.27785705897127017
33,Chaos,asc,0.30000000000000004,0.49956729323919163,0.21044185725685433,0.27785705897127017
33,Chaos,asc,0.35000000000000003,0.4998837390852998,0.1472311715562544,0.27785705897127017
33,Chaos,asc,0.4,0.4995452035816737,0.21485431017975518,0.27785705897127017
33,Chaos,asc,0.45,0.5023638552882416,-0.34817696140916327,0.27785705897127017
33,Chaos,asc,0.5,0.5045078225722286,-0.776438680775018,0.27785705897127017
33,Chaos,asc,0.55,0.5063679047906092,-1.147993794957611,0.27785705897127017
33,Chaos,asc,0.6000000000000001,0.5090427518981362,-1.6822998125289195,0.27785705897127017
33,Chaos,asc,0.65,0.5116804192213936,-2.2091790944145453,0.27785705897127017
33,Chaos,asc,0.7000000000000001,0.5083769303594461,-1.5493006389501272,0.27785705897127017
33,Chaos,asc,0.75,0.5038176448169797,-0.6385743046072504,0.27785705897127017
33,Chaos,asc,0.8,0.4935399556645913,1.4144144981529831,0.27785705897127017
33,Chaos,asc,0.8500000000000001,0.49731582873507757,0.6601763596555934,0.27785705897127017
33,Chaos,asc,0.9,0.50115334311629,-0.10637475297751256,0.27785705897127017
33,Chaos,asc,0.9500000000000001,0.4879988784374445,2.521255669732743,0.27785705897127017
33,Failure,asc,0.0,0.5006208089673968,0.0,0.27785705897127017
33,Failure,asc,0.05,0.5018339969710973,-0.24233671113330119,0.27785705897127017
33,Failure,asc,0.1,0.5040379307461106,-0.6825768560763772,0.27785705897127017
33,Failure,asc,0.15000000000000002,0.5076101276711492,-1.396130280355085,0.27785705897127017
33,Failure,asc,0.2,0.5109800966725652,-2.0692882755984314,0.27785705897127017
33,Failure,asc,0.25,0.5113008123175017,-2.133351862087783,0.27785705897127017
33,Failure,asc,0.30000000000000004,0.5123331134995076,-2.339556071644153,0.27785705897127017
33,Failure,asc,0.35000000000000003,0.5126100379938171,-2.3948722888986236,0.27785705897127017
33,Failure,asc,0.4,0.5143062778267162,-2.7336995614600395,0.27785705897127017
33,Failure,asc,0.45,0.514240032164551,-2.7204668589877192,0.27785705897127017
33,Failure,asc,0.5,0.5200213257902102,-3.875291732844624,0.27785705897127017
33,Failure,asc,0.55,0.5263149451996546,-5.132454698648203,0.27785705897127017
33,Failure,asc,0.6000000000000001,0.528356025276173,-5.540164494157583,0.27785705897127017
33,Failure,asc,0.65,0.5357339970579889,-7.013928998081025,0.27785705897127017
33,Failure,asc,0.7000000000000001,0.5404069591296893,-7.9473624447128355,0.27785705897127017
33,Failure,asc,0.75,0.5525177027790457,-10.366507520670934,0.27785705897127017
33,Failure,asc,0.8,0.5480993326703363,-9.483929323847093,0.27785705897127017
33,Failure,asc,0.8500000000000001,0.5373962129727534,-7.345959925479573,0.27785705897127017
33,Failure,asc,0.9,0.5155093940634147,-2.974024417148728,0.27785705897127017
33,Failure,asc,0.9500000000000001,0.5392450596288102,-7.715270713792647,0.27785705897127017
33,Residual,desc,0.0,0.500620808967397,0.0,0.27785705897127017
33,Residual,desc,0.05,0.5063227781945687,-1.13897966785137,0.27785705897127017
33,Residual,desc,0.1,0.5100024599814148,-1.8740034065641005,0.27785705897127017
33,Residual,desc,0.15000000000000002,0.5108535383363978,-2.044007996812449,0.27785705897127017
33,Residual,desc,0.2,0.5106607326391206,-2.0054946761866272,0.27785705897127017
33,Residual,desc,0.25,0.5094033892597012,-1.7543378411335935,0.27785705897127017
33,Residual,desc,0.30000000000000004,0.505456613145751,-0.9659614805721898,0.27785705897127017
33,Residual,desc,0.35000000000000003,0.5052494819886745,-0.9245866209246797,0.27785705897127017
33,Residual,desc,0.4,0.4990895509259847,0.3058718323296907,0.27785705897127017
33,Residual,desc,0.45,0.49661602373908126,0.7999637962665227,0.27785705897127017
33,Residual,desc,0.5,0.49049363279718666,2.022923535899183,0.27785705897127017
33,Residual,desc,0.55,0.4925851264901423,1.6051435204680133,0.27785705897127017
33,Residual,desc,0.6000000000000001,0.4903463218501536,2.0523491898860646,0.27785705897127017
33,Residual,desc,0.65,0.48847931208851275,2.4252880945815796,0.27785705897127017
33,Residual,desc,0.7000000000000001,0.4859656937906503,2.9273883374874137,0.27785705897127017
33,Residual,desc,0.75,0.4869283079633924,2.7351042463151636,0.27785705897127017
33,Residual,desc,0.8,0.48928352981488427,2.264644007886436,0.27785705897127017
33,Residual,desc,0.8500000000000001,0.4867074059469157,2.7792298624541276,0.27785705897127017
33,Residual,desc,0.9,0.4944119532702128,1.2402312460784195,0.27785705897127017
33,Residual,desc,0.9500000000000001,0.5019037687697365,-0.25627376636336613,0.27785705897127017
33,Chaos,desc,0.0,0.5006208089673972,0.0,0.27785705897127017
33,Chaos,desc,0.05,0.5011983826719177,-0.11537149358849558,0.27785705897127017
33,Chaos,desc,0.1,0.500613780919291,0.0014038665553590542,0.27785705897127017
33,Chaos,desc,0.15000000000000002,0.5011384049069532,-0.10339081601971985,0.27785705897127017
33,Chaos,desc,0.2,0.5023021610559574,-0.3358534160871499,0.27785705897127017
33,Chaos,desc,0.25,0.49955461351417724,0.212974657489606,0.27785705897127017
33,Chaos,desc,0.30000000000000004,0.49726644999661584,0.6700398606482723,0.27785705897127017
33,Chaos,desc,0.35000000000000003,0.4946505299836911,1.1925750741405916,0.27785705897127017
33,Chaos,desc,0.4,0.494942236831835,1.1343060523742703,0.27785705897127017
33,Chaos,desc,0.45,0.49571465635613027,0.9800137196427425,0.27785705897127017
33,Chaos,desc,0.5,0.49657299023179413,0.8085598247408704,0.27785705897127017
33,Chaos,desc,0.55,0.4983648601276858,0.45063025733281836,0.27785705897127017
33,Chaos,desc,0.6000000000000001,0.5023303235694108,-0.3414789340338526,0.27785705897127017
33,Chaos,desc,0.65,0.5019949798841781,-0.27449336746813463,0.27785705897127017
33,Chaos,desc,0.7000000000000001,0.5030786540331729,-0.4909594291226691,0.27785705897127017
33,Chaos,desc,0.75,0.5024053296496607,-0.3564615474023654,0.27785705897127017
33,Chaos,desc,0.8,0.5068301385352993,-1.240325902694644,0.27785705897127017
33,Chaos,desc,0.8500000000000001,0.5020924788914624,-0.29396898764568796,0.27785705897127017
33,Chaos,desc,0.9,0.49786652271794285,0.5501741438066687,0.27785705897127017
33,Chaos,desc,0.9500000000000001,0.5106088887158131,-1.9951387496292303,0.27785705897127017
33,Failure,desc,0.0,0.5006208089673974,0.0,0.27785705897127017
33,Failure,desc,0.05,0.49845867355550266,0.43189083896740343,0.27785705897127017
33,Failure,desc,0.1,0.4989361657930324,0.3365108170073418,0.27785705897127017
33,Failure,desc,0.15000000000000002,0.49413109868981037,1.2963325058287039,0.27785705897127017
33,Failure,desc,0.2,0.4880594409114508,2.509158195372697,0.27785705897127017
33,Failure,desc,0.25,0.4820272148378632,3.714107323642044,0.27785705897127017
33,Failure,desc,0.30000000000000004,0.48227735653173676,3.6641410239212027,0.27785705897127017
33,Failure,desc,0.35000000000000003,0.48005146252264796,4.108767769197736,0.27785705897127017
33,Failure,desc,0.4,0.48004218167759405,4.110621636413735,0.27785705897127017
33,Failure,desc,0.45,0.47680623612346507,4.7570081821115835,0.27785705897127017
33,Failure,desc,0.5,0.47864457436852,4.3897964697485365,0.27785705897127017
33,Failure,desc,0.55,0.48165520869014494,3.7884162898405487,0.27785705897127017
33,Failure,desc,0.6000000000000001,0.477242090130573,4.669945479303254,0.27785705897127017
33,Failure,desc,0.65,0.47572792961837557,4.9724020462447305,0.27785705897127017
33,Failure,desc,0.7000000000000001,0.4706296826042425,5.990787004043219,0.27785705897127017
33,Failure,desc,0.75,0.4663823298621617,6.839204142524048,0.27785705897127017
33,Failure,desc,0.8,0.45647743119968776,8.817727305175685,0.27785705897127017
33,Failure,desc,0.8500000000000001,0.4572487907916519,8.663646696030568,0.27785705897127017
33,Failure,desc,0.9,0.4639226202908567,7.330536010326057,0.27785705897127017
33,Failure,desc,0.9500000000000001,0.47071035886769275,5.974671760328786,0.27785705897127017
123,Residual,asc,0.0,0.5482577189200986,0.0,0.024695483130064973
123,Residual,asc,0.05,0.5486435456078708,-0.07037323405718166,0.024695483130064973
123,Residual,asc,0.1,0.5496044701275115,-0.24564199662625652,0.024695483130064973
123,Residual,asc,0.15000000000000002,0.5503870148169316,-0.3883749965303088,0.024695483130064973
123,Residual,asc,0.2,0.5526169755979112,-0.7951108625336067,0.024695483130064973
123,Residual,asc,0.25,0.5535084901014532,-0.9577195176927135,0.024695483130064973
123,Residual,asc,0.30000000000000004,0.5510323218363006,-0.5060763980974393,0.024695483130064973
123,Residual,asc,0.35000000000000003,0.5486868069565266,-0.07826392983088729,0.024695483130064973
123,Residual,asc,0.4,0.5506641490378938,-0.4389231623651786,0.024695483130064973
123,Residual,asc,0.45,0.5527827822993725,-0.8253533371471621,0.024695483130064973
123,Residual,asc,0.5,0.5545298385882349,-1.1440093685302812,0.024695483130064973
123,Residual,asc,0.55,0.5592203993948145,-1.999548769930516,0.024695483130064973
123,Residual,asc,0.6000000000000001,0.5636206504535973,-2.8021368424614406,0.024695483130064973
123,Residual,asc,0.65,0.5696123003687038,-3.8949896575404894,0.024695483130064973
123,Residual,asc,0.7000000000000001,0.5788648446952346,-5.582616481063464,0.024695483130064973
123,Residual,asc,0.75,0.5967029903102352,-8.836222403864948,0.024695483130064973
123,Residual,asc,0.8,0.6087203057173461,-11.028132338262479,0.024695483130064973
123,Residual,asc,0.8500000000000001,0.6150818856264197,-12.188458894467464,0.024695483130064973
123,Residual,asc,0.9,0.6321550610882238,-15.302537341996313,0.024695483130064973
123,Residual,asc,0.9500000000000001,0.6266661136673621,-14.301375437395453,0.024695483130064973
123,Chaos,asc,0.0,0.5482577189200984,0.0,0.024695483130064973
123,Chaos,asc,0.05,0.5496998558351117,-0.26303996555741027,0.024695483130064973
123,Chaos,asc,0.1,0.5503955220380433,-0.3899266794010113,0.024695483130064973
123,Chaos,asc,0.15000000000000002,0.54982284793082,-0.2854732285036349,0.024695483130064973
123,Chaos,asc,0.2,0.5489002822467131,-0.11720096305807863,0.024695483130064973
123,Chaos,asc,0.25,0.5495200967400848,-0.23025263054625023,0.024695483130064973
123,Chaos,asc,0.30000000000000004,0.5504821998288668,-0.4057363593803878,0.024695483130064973
123,Chaos,asc,0.35000000000000003,0.5478521816609145,0.07396836290471084,0.024695483130064973
123,Chaos,asc,0.4,0.5451751273388442,0.5622522902780113,0.024695483130064973
123,Chaos,asc,0.45,0.5452375478735341,0.5508670361291403,0.024695483130064973
123,Chaos,asc,0.5,0.5450333231819371,0.5881167974273922,0.024695483130064973
123,Chaos,asc,0.55,0.5471664471310262,0.19904357958182073,0.024695483130064973
123,Chaos,asc,0.6000000000000001,0.5432290509207128,0.9172087917504506,0.024695483130064973
123,Chaos,asc,0.65,0.5448565195399117,0.6203650697132225,0.024695483130064973
123,Chaos,asc,0.7000000000000001,0.5425888240151148,1.0339836010242929,0.024695483130064973
123,Chaos,asc,0.75,0.5438725157536374,0.7998433975719653,0.024695483130064973
123,Chaos,asc,0.8,0.5477901997256319,0.08527361828801916,0.024695483130064973
123,Chaos,asc,0.8500000000000001,0.5403312425279996,1.4457573725932442,0.024695483130064973
123,Chaos,asc,0.9,0.5542778922267717,-1.0980553668320763,0.024695483130064973
123,Chaos,asc,0.9500000000000001,0.5726135754841845,-4.442410151937244,0.024695483130064973
123,Failure,asc,0.0,0.5482577189200987,0.0,0.024695483130064973
123,Failure,asc,0.05,0.5451715195319319,0.5629103397295827,0.024695483130064973
123,Failure,asc,0.1,0.5472252255018127,0.1883226414613237,0.024695483130064973
123,Failure,asc,0.15000000000000002,0.5474457766608614,0.14809499824947073,0.024695483130064973
123,Failure,asc,0.2,0.5510420059943081,-0.507842749518167,0.024695483130064973
123,Failure,asc,0.25,0.5553822467568589,-1.299485185688469,0.024695483130064973
123,Failure,asc,0.30000000000000004,0.5595581331051581,-2.061150038583649,0.024695483130064973
123,Failure,asc,0.35000000000000003,0.564598416517733,-2.980477434922496,0.024695483130064973
123,Failure,asc,0.4,0.5688921110658223,-3.7636300290248705,0.024695483130064973
123,Failure,asc,0.45,0.5725794319906243,-4.436182516213736,0.024695483130064973
123,Failure,asc,0.5,0.5704393336555293,-4.045837198447789,0.024695483130064973
123,Failure,asc,0.55,0.5729052554661936,-4.495611406008681,0.024695483130064973
123,Failure,asc,0.6000000000000001,0.580011076211819,-5.79168449361093,0.024695483130064973
123,Failure,asc,0.65,0.5871049032382788,-7.085569975138206,0.024695483130064973
123,Failure,asc,0.7000000000000001,0.6049501104072468,-10.340463896945202,0.024695483130064973
123,Failure,asc,0.75,0.6244680916596579,-13.90046507501445,0.024695483130064973
123,Failure,asc,0.8,0.6441923803964286,-17.498095907394077,0.024695483130064973
123,Failure,asc,0.8500000000000001,0.698179013865534,-27.345040438415502,0.024695483130064973
123,Failure,asc,0.9,0.8091633181009341,-47.58813057748467,0.024695483130064973
123,Failure,asc,0.9500000000000001,1.0573494422842193,-92.85628013899684,0.024695483130064973
123,Residual,desc,0.0,0.5482577189200986,0.0,0.024695483130064973
123,Residual,desc,0.05,0.5419382382489971,1.15264782473996,0.024695483130064973
123,Residual,desc,0.1,0.5364879457649794,2.1467592245307667,0.024695483130064973
123,Residual,desc,0.15000000000000002,0.5341171726465186,2.57917869381439,0.024695483130064973
123,Residual,desc,0.2,0.5309304506435426,3.1604239536627805,0.024695483130064973
123,Residual,desc,0.25,0.529751234138932,3.3755082951898476,0.024695483130064973
123,Residual,desc,0.30000000000000004,0.5332011732733858,2.7462532905819548,0.024695483130064973
123,Residual,desc,0.35000000000000003,0.535132270836447,2.3940288719518117,0.024695483130064973
123,Residual,desc,0.4,0.5366057614785693,2.125270112836728,0.024695483130064973
123,Residual,desc,0.45,0.5380530543764054,1.861289716776495,0.024695483130064973
123,Residual,desc,0.5,0.5409356960014606,1.3355074932752597,0.024695483130064973
123,Residual,desc,0.55,0.5419075023666333,1.15825392590427,0.024695483130064973
123,Residual,desc,0.6000000000000001,0.544280569037237,0.7254161219463273,0.024695483130064973
123,Residual,desc,0.65,0.547289808577976,0.17654294845661328,0.024695483130064973
123,Residual,desc,0.7000000000000001,0.5408054586136765,1.3592622683180442,0.024695483130064973
123,Residual,desc,0.75,0.5302848929838505,3.2781710710154828,0.024695483130064973
123,Residual,desc,0.8,0.5287613722821901,3.556055111510393,0.024695483130064973
123,Residual,desc,0.8500000000000001,0.5343567457292835,2.535481528321347,0.024695483130064973
123,Residual,desc,0.9,0.5348866459176391,2.4388298679672746,0.024695483130064973
123,Residual,desc,0.9500000000000001,0.5405429347416487,1.407145565345733,0.024695483130064973
123,Chaos,desc,0.0,0.5482577189200987,0.0,0.024695483130064973
123,Chaos,desc,0.05,0.5469696957051686,0.23493024730542053,0.024695483130064973
123,Chaos,desc,0.1,0.5475343843306256,0.13193331612326326,0.024695483130064973
123,Chaos,desc,0.15000000000000002,0.5496386085489524,-0.25186870721559135,0.024695483130064973
123,Chaos,desc,0.2,0.5483339187161567,-0.013898535930891551,0.024695483130064973
123,Chaos,desc,0.25,0.5497346250705787,-0.26938173408467,0.024695483130064973
123,Chaos,desc,0.30000000000000004,0.5506219698051165,-0.43122984016981103,0.024695483130064973
123,Chaos,desc,0.35000000000000003,0.5500464726630498,-0.32626147908587205,0.024695483130064973
123,Chaos,desc,0.4,0.5516715629990336,-0.6226714118424462,0.024695483130064973
123,Chaos,desc,0.45,0.5491286301359004,-0.15885069844838123,0.024695483130064973
123,Chaos,desc,0.5,0.5513333781608438,-0.5609878592869189,0.024695483130064973
123,Chaos,desc,0.55,0.5518587793469788,-0.6568189197542221,0.024695483130064973
123,Chaos,desc,0.6000000000000001,0.5528061543045374,-0.8296162967660096,0.024695483130064973
123,Chaos,desc,0.65,0.5497802781730114,-0.27770867611526934,0.024695483130064973
123,Chaos,desc,0.7000000000000001,0.543200871808007,0.9223485484257474,0.024695483130064973
123,Chaos,desc,0.75,0.544631596165586,0.6613901873839634,0.024695483130064973
123,Chaos,desc,0.8,0.5457338579865433,0.4603420702451082,0.024695483130064973
123,Chaos,desc,0.8500000000000001,0.5400737271170021,1.4927271464990173,0.024695483130064973
123,Chaos,desc,0.9,0.5290023889941576,3.512094633864561,0.024695483130064973
123,Chaos,desc,0.9500000000000001,0.5232351899500635,4.564008513974413,0.024695483130064973
123,Failure,desc,0.0,0.5482577189200989,0.0,0.024695483130064973
123,Failure,desc,0.05,0.5275486458114749,3.7772515359044285,0.024695483130064973
123,Failure,desc,0.1,0.5202229824016812,5.1134230401055945,0.024695483130064973
123,Failure,desc,0.15000000000000002,0.5189216872172878,5.35077404119255,0.024695483130064973
123,Failure,desc,0.2,0.5199354827487819,5.165861818982361,0.024695483130064973
123,Failure,desc,0.25,0.5179189050986642,5.533677461248135,0.024695483130064973
123,Failure,desc,0.30000000000000004,0.5190220418874522,5.3324697535006225,0.024695483130064973
123,Failure,desc,0.35000000000000003,0.523238723403846,4.563364026234356,0.024695483130064973
123,Failure,desc,0.4,0.523138846161717,4.581581232975327,0.024695483130064973
123,Failure,desc,0.45,0.5240647455014337,4.41270092217179,0.024695483130064973
123,Failure,desc,0.5,0.5212234196711246,4.930947311097348,0.024695483130064973
123,Failure,desc,0.55,0.5115571224137919,6.694041002942192,0.024695483130064973
123,Failure,desc,0.6000000000000001,0.5096672403877498,7.038747873602329,0.024695483130064973
123,Failure,desc,0.65,0.509667493472515,7.038701711960363,0.024695483130064973
123,Failure,desc,0.7000000000000001,0.5137364867274076,6.296533728825134,0.024695483130064973
123,Failure,desc,0.75,0.5191005433709293,5.31815139905379,0.024695483130064973
123,Failure,desc,0.8,0.5319951773436143,2.9662220914129236,0.024695483130064973
123,Failure,desc,0.8500000000000001,0.555171931856211,-1.2611245947856533,0.024695483130064973
123,Failure,desc,0.9,0.5621600812090585,-2.5357348942287596,0.024695483130064973
123,Failure,desc,0.9500000000000001,0.651129329404359,-18.76336747011714,0.024695483130064973
321,Residual,asc,0.0,0.5382328913968779,0.0,0.057011520267645804
321,Residual,asc,0.05,0.5385996618872562,-0.0681434554150664,0.057011520267645804
321,Residual,asc,0.1,0.5388684110474166,-0.11807521626730859,0.057011520267645804
321,Residual,asc,0.15000000000000002,0.5405359090642328,-0.42788497398920117,0.057011520267645804
321,Residual,asc,0.2,0.5428701598121151,-0.8615728413033306,0.057011520267645804
321,Residual,asc,0.25,0.542446318968239,-0.7828261034783646,0.057011520267645804
321,Residual,asc,0.30000000000000004,0.5445571585062507,-1.1750056918594187,0.057011520267645804
321,Residual,asc,0.35000000000000003,0.544884200908859,-1.2357679395473118,0.057011520267645804
321,Residual,asc,0.4,0.5471821374158632,-1.662708868601335,0.057011520267645804
321,Residual,asc,0.45,0.5470243409740708,-1.6333913660267823,0.057011520267645804
321,Residual,asc,0.5,0.5515218098809401,-2.4689904122309274,0.057011520267645804
321,Residual,asc,0.55,0.5526408189289167,-2.6768946607194217,0.057011520267645804
321,Residual,asc,0.6000000000000001,0.5532817638507105,-2.7959778553808143,0.057011520267645804
321,Residual,asc,0.65,0.5658652976263795,-5.133912600136177,0.057011520267645804
321,Residual,asc,0.7000000000000001,0.5675543321650081,-5.447723696712792,0.057011520267645804
321,Residual,asc,0.75,0.5754520393729173,-6.915063826635423,0.057011520267645804
321,Residual,asc,0.8,0.5817965014045818,-8.093821597309505,0.057011520267645804
321,Residual,asc,0.8500000000000001,0.579530632874284,-7.672838679595717,0.057011520267645804
321,Residual,asc,0.9,0.5672959101746917,-5.399710653577198,0.057011520267645804
321,Residual,asc,0.9500000000000001,0.5822894177490973,-8.185402091997625,0.057011520267645804
321,Chaos,asc,0.0,0.5382328913968778,0.0,0.057011520267645804
321,Chaos,asc,0.05,0.5357562750661528,0.46013842154786827,0.057011520267645804
321,Chaos,asc,0.1,0.5325050718481695,1.064189803384709,0.057011520267645804
321,Chaos,asc,0.15000000000000002,0.5287944701426958,1.7535942906957005,0.057011520267645804
321,Chaos,asc,0.2,0.5254703661545453,2.371190138382258,0.057011520267645804
321,Chaos,asc,0.25,0.5231446451519091,2.803293237210041,0.057011520267645804
321,Chaos,asc,0.30000000000000004,0.5216486245987342,3.081243651814443,0.057011520267645804
321,Chaos,asc,0.35000000000000003,0.5207909813327307,3.2405879207567616,0.057011520267645804
321,Chaos,asc,0.4,0.5177245414621743,3.810311532890181,0.057011520267645804
321,Chaos,asc,0.45,0.5151732347032798,4.284326926537541,0.057011520267645804
321,Chaos,asc,0.5,0.5106775292703387,5.119598331314267,0.057011520267645804
321,Chaos,asc,0.55,0.511104068890681,5.04035017922989,0.057011520267645804
321,Chaos,asc,0.6000000000000001,0.5101820817759996,5.211649096374969,0.057011520267645804
321,Chaos,asc,0.65,0.5072630595833373,5.7539835094738265,0.057011520267645804
321,Chaos,asc,0.7000000000000001,0.5053672579689882,6.106210518386069,0.057011520267645804
321,Chaos,asc,0.75,0.5037126201055986,6.41363094731885,0.057011520267645804
321,Chaos,asc,0.8,0.5046521779000835,6.239067517713774,0.057011520267645804
321,Chaos,asc,0.8500000000000001,0.5008803226900369,6.939852488371648,0.057011520267645804
321,Chaos,asc,0.9,0.494403438561829,8.143213381348371,0.057011520267645804
321,Chaos,asc,0.9500000000000001,0.4620533344700241,14.153642065453228,0.057011520267645804
321,Failure,asc,0.0,0.5382328913968779,0.0,0.057011520267645804
321,Failure,asc,0.05,0.5371304371504225,0.20482847928415945,0.057011520267645804
321,Failure,asc,0.1,0.532278227918166,1.1063358583043323,0.057011520267645804
321,Failure,asc,0.15000000000000002,0.5268254482172948,2.119425133974497,0.057011520267645804
321,Failure,asc,0.2,0.5253340902828302,2.3965092658256952,0.057011520267645804
321,Failure,asc,0.25,0.5245085870362118,2.5498821383894494,0.057011520267645804
321,Failure,asc,0.30000000000000004,0.5316960444623703,1.2145015733881515,0.057011520267645804
321,Failure,asc,0.35000000000000003,0.5340543348884634,0.7763472978341872,0.057011520267645804
321,Failure,asc,0.4,0.5365062612199695,0.32079610973370826,0.057011520267645804
321,Failure,asc,0.45,0.5338269859521592,0.8185871794798877,0.057011520267645804
321,Failure,asc,0.5,0.5304829836896799,1.4398799908130107,0.057011520267645804
321,Failure,asc,0.55,0.5273430215903373,2.023263531568665,0.057011520267645804
321,Failure,asc,0.6000000000000001,0.5223224948333045,2.95604315861877,0.057011520267645804
321,Failure,asc,0.65,0.514929243214447,4.329658880926222,0.057011520267645804
321,Failure,asc,0.7000000000000001,0.494039689216633,8.210795528595462,0.057011520267645804
321,Failure,asc,0.75,0.4768440584818193,11.405626429803633,0.057011520267645804
321,Failure,asc,0.8,0.46539800790751024,13.532224554381845,0.057011520267645804
321,Failure,asc,0.8500000000000001,0.45916015913407104,14.691174308873823,0.057011520267645804
321,Failure,asc,0.9,0.461464719074992,14.263002790975705,0.057011520267645804
321,Failure,asc,0.9500000000000001,0.4083276375686045,24.135510093247884,0.057011520267645804
321,Residual,desc,0.0,0.5382328913968778,0.0,0.057011520267645804
321,Residual,desc,0.05,0.5357796882939906,0.45578840351439814,0.057011520267645804
321,Residual,desc,0.1,0.5347291604011817,0.6509693204744276,0.057011520267645804
321,Residual,desc,0.15000000000000002,0.5305663587544122,1.4243894724769903,0.057011520267645804
321,Residual,desc,0.2,0.5271740278379974,2.0546614180674294,0.057011520267645804
321,Residual,desc,0.25,0.5257542079044224,2.318454277305392,0.057011520267645804
321,Residual,desc,0.30000000000000004,0.5257662636581318,2.316214400497018,0.057011520267645804
321,Residual,desc,0.35000000000000003,0.5236519856154199,2.709032839597743,0.057011520267645804
321,Residual,desc,0.4,0.5283341043540394,1.8391271141286185,0.057011520267645804
321,Residual,desc,0.45,0.5264027242165442,2.1979643699645903,0.057011520267645804
321,Residual,desc,0.5,0.5247508359944794,2.5048739342942072,0.057011520267645804
321,Residual,desc,0.55,0.5270808358683523,2.0719758503763166,0.057011520267645804
321,Residual,desc,0.6000000000000001,0.5242111564788101,2.6051427072167637,0.057011520267645804
321,Residual,desc,0.65,0.5252332640587751,2.415242090531608,0.057011520267645804
321,Residual,desc,0.7000000000000001,0.5229158480270478,2.845802182411706,0.057011520267645804
321,Residual,desc,0.75,0.5247783462613126,2.4997627143608003,0.057011520267645804
321,Residual,desc,0.8,0.5188491786849055,3.6013616079213655,0.057011520267645804
321,Residual,desc,0.8500000000000001,0.5240241679321936,2.639883903751814,0.057011520267645804
321,Residual,desc,0.9,0.5322619887963742,1.1093529763681453,0.057011520267645804
321,Residual,desc,0.9500000000000001,0.5320578607120968,1.1472785820938776,0.057011520267645804
321,Chaos,desc,0.0,0.5382328913968779,0.0,0.057011520267645804
321,Chaos,desc,0.05,0.5420614831387663,-0.7113262312810488,0.057011520267645804
321,Chaos,desc,0.1,0.5429648687100816,-0.8791691085475695,0.057011520267645804
321,Chaos,desc,0.15000000000000002,0.5447223455755452,-1.2056963226132842,0.057011520267645804
321,Chaos,desc,0.2,0.5467706112481927,-1.5862501136184408,0.057011520267645804
321,Chaos,desc,0.25,0.5499205989460587,-2.17149634219634,0.057011520267645804
321,Chaos,desc,0.30000000000000004,0.5524885810432221,-2.6486098999535894,0.057011520267645804
321,Chaos,desc,0.35000000000000003,0.5552386742348221,-3.159558456899393,0.057011520267645804
321,Chaos,desc,0.4,0.5574994260143069,-3.579590717212857,0.057011520267645804
321,Chaos,desc,0.45,0.5610853818716626,-4.245836856137777,0.057011520267645804
321,Chaos,desc,0.5,0.5664674908253029,-5.245795989009074,0.057011520267645804
321,Chaos,desc,0.55,0.5671558359965135,-5.373685826700743,0.057011520267645804
321,Chaos,desc,0.6000000000000001,0.5693856572814702,-5.787971412104036,0.057011520267645804
321,Chaos,desc,0.65,0.5707345689136332,-6.038589992596611,0.057011520267645804
321,Chaos,desc,0.7000000000000001,0.5777109661759012,-7.334757018762959,0.057011520267645804
321,Chaos,desc,0.75,0.5842247741190523,-8.544978104703235,0.057011520267645804
321,Chaos,desc,0.8,0.5890132025018271,-9.434635436931185,0.057011520267645804
321,Chaos,desc,0.8500000000000001,0.5901509188364654,-9.64601537168129,0.057011520267645804
321,Chaos,desc,0.9,0.5877805667819066,-9.205620127829315,0.057011520267645804
321,Chaos,desc,0.9500000000000001,0.5825993118702699,-8.242978305961136,0.057011520267645804
321,Failure,desc,0.0,0.5382328913968778,0.0,0.057011520267645804
321,Failure,desc,0.05,0.549828052336628,-2.154301813413382,0.057011520267645804
321,Failure,desc,0.1,0.5537376597414715,-2.8806802022734264,0.057011520267645804
321,Failure,desc,0.15000000000000002,0.5613989198800491,-4.3040900794911305,0.057011520267645804
321,Failure,desc,0.2,0.5662504223166466,-5.205466140698829,0.057011520267645804
321,Failure,desc,0.25,0.5690241353534798,-5.720803103780859,0.057011520267645804
321,Failure,desc,0.30000000000000004,0.5659257855983222,-5.145150852742001,0.057011520267645804
321,Failure,desc,0.35000000000000003,0.5557892844268286,-3.2618580749286155,0.057011520267645804
321,Failure,desc,0.4,0.5526920511859109,-2.6864132646199317,0.057011520267645804
321,Failure,desc,0.45,0.5501543480954516,-2.2149253397788464,0.057011520267645804
321,Failure,desc,0.5,0.5486354715970431,-1.932728446447673,0.057011520267645804
321,Failure,desc,0.55,0.5453245709772876,-1.3175856945503146,0.057011520267645804
321,Failure,desc,0.6000000000000001,0.541508950181563,-0.6086693765932455,0.057011520267645804
321,Failure,desc,0.65,0.5479076978616977,-1.7975130504772432,0.057011520267645804
321,Failure,desc,0.7000000000000001,0.5578497015865799,-3.644669529353825,0.057011520267645804
321,Failure,desc,0.75,0.5958076343580163,-10.696994531812162,0.057011520267645804
321,Failure,desc,0.8,0.614265633606236,-14.126364892348017,0.057011520267645804
321,Failure,desc,0.8500000000000001,0.6353797206873556,-18.049218255382403,0.057011520267645804
321,Failure,desc,0.9,0.6176719222371576,-14.759230086089945,0.057011520267645804
321,Failure,desc,0.9500000000000001,0.5710958325133609,-6.105710305290675,0.057011520267645804
1234,Residual,asc,0.0,0.5404961297784195,0.0,0.0056058065033810014
1234,Residual,asc,0.05,0.5407804223208746,-0.052598441837437025,0.0056058065033810014
1234,Residual,asc,0.1,0.5413628573877938,-0.1603577827152159,0.0056058065033810014
1234,Residual,asc,0.15000000000000002,0.5399862473334635,0.09433600295438177,0.0056058065033810014
1234,Residual,asc,0.2,0.538891300401574,0.2969178294585562,0.0056058065033810014
1234,Residual,asc,0.25,0.5368917336555996,0.6668680725424583,0.0056058065033810014
1234,Residual,asc,0.30000000000000004,0.535569445962236,0.9115113956881215,0.0056058065033810014
1234,Residual,asc,0.35000000000000003,0.5346546222532919,1.0807676879245105,0.0056058065033810014
1234,Residual,asc,0.4,0.5377683736186062,0.5046763537292337,0.0056058065033810014
1234,Residual,asc,0.45,0.5364674391998657,0.7453689964820672,0.0056058065033810014
1234,Residual,asc,0.5,0.5338433706586433,1.2308615646338859,0.0056058065033810014
1234,Residual,asc,0.55,0.527768785601795,2.354752138899172,0.0056058065033810014
1234,Residual,asc,0.6000000000000001,0.5259661604100726,2.6882652007709305,0.0056058065033810014
1234,Residual,asc,0.65,0.525193093605046,2.8312943109596698,0.0056058065033810014
1234,Residual,asc,0.7000000000000001,0.519211428131823,3.937993349799266,0.0056058065033810014
1234,Residual,asc,0.75,0.5122230890770967,5.230942303493201,0.0056058065033810014
1234,Residual,asc,0.8,0.49345311684772075,8.703672485126662,0.0056058065033810014
1234,Residual,asc,0.8500000000000001,0.45907406845296606,15.064319028303325,0.0056058065033810014
1234,Residual,asc,0.9,0.43154338097679096,20.157914700757352,0.0056058065033810014
1234,Residual,asc,0.9500000000000001,0.4177756739805789,22.705149775660892,0.0056058065033810014
1234,Chaos,asc,0.0,0.5404961297784197,0.0,0.0056058065033810014
1234,Chaos,asc,0.05,0.5402532900387295,0.044929043208828644,0.0056058065033810014
1234,Chaos,asc,0.1,0.5411324012424423,-0.11771989269997536,0.0056058065033810014
1234,Chaos,asc,0.15000000000000002,0.539068683097492,0.26409933434913563,0.0056058065033810014
1234,Chaos,asc,0.2,0.538155473936699,0.4330569106350819,0.0056058065033810014
1234,Chaos,asc,0.25,0.536640047900171,0.7134337631297261,0.0056058065033810014
1234,Chaos,asc,0.30000000000000004,0.5373053208261375,0.5903481591237818,0.0056058065033810014
1234,Chaos,asc,0.35000000000000003,0.5347320957503872,1.0664339133002676,0.0056058065033810014
1234,Chaos,asc,0.4,0.5322612012354254,1.5235869582211818,0.0056058065033810014
1234,Chaos,asc,0.45,0.5333379133218532,1.3243788553122497,0.0056058065033810014
1234,Chaos,asc,0.5,0.5354326678036792,0.9368174341629987,0.0056058065033810014
1234,Chaos,asc,0.55,0.5352998463562638,0.9613914209313744,0.0056058065033810014
1234,Chaos,asc,0.6000000000000001,0.5344967391796701,1.1099784564986686,0.0056058065033810014
1234,Chaos,asc,0.65,0.5372669889149909,0.5974401453628441,0.0056058065033810014
1234,Chaos,asc,0.7000000000000001,0.5371255930529016,0.6236005291841387,0.0056058065033810014
1234,Chaos,asc,0.75,0.5346999260770132,1.0723857918802542,0.0056058065033810014
1234,Chaos,asc,0.8,0.5357867097011179,0.8713143014053508,0.0056058065033810014
1234,Chaos,asc,0.8500000000000001,0.5283626455716364,2.2448790173127597,0.0056058065033810014
1234,Chaos,asc,0.9,0.5315149689398813,1.661651276248784,0.0056058065033810014
1234,Chaos,asc,0.9500000000000001,0.5510624719228714,-1.9549339139178452,0.0056058065033810014
1234,Failure,asc,0.0,0.5404961297784198,0.0,0.0056058065033810014
1234,Failure,asc,0.05,0.5274512485384771,2.4135013224406383,0.0056058065033810014
1234,Failure,asc,0.1,0.5147865692683021,4.756659501087909,0.0056058065033810014
1234,Failure,asc,0.15000000000000002,0.5017339464525098,7.171593132739138,0.0056058065033810014
1234,Failure,asc,0.2,0.48976548032852124,9.38594129632268,0.0056058065033810014
1234,Failure,asc,0.25,0.4753961064046151,12.044493898687652,0.0056058065033810014
1234,Failure,asc,0.30000000000000004,0.45935567790936815,15.012216998170869,0.0056058065033810014
1234,Failure,asc,0.35000000000000003,0.4377501880557791,19.00956104251146,0.0056058065033810014
1234,Failure,asc,0.4,0.42577997075388774,21.224233200626383,0.0056058065033810014
1234,Failure,asc,0.45,0.4175203176503153,22.752394578388433,0.0056058065033810014
1234,Failure,asc,0.5,0.410100528225953,24.125168408869712,0.0056058065033810014
1234,Failure,asc,0.55,0.4006907070545741,25.866128362687796,0.0056058065033810014
1234,Failure,asc,0.6000000000000001,0.3921647427724924,27.4435613566256,0.0056058065033810014
1234,Failure,asc,0.65,0.38444288545815036,28.872222338436455,0.0056058065033810014
1234,Failure,asc,0.7000000000000001,0.38077573928634506,29.550700123894174,0.0056058065033810014
1234,Failure,asc,0.75,0.37573886972936366,30.48259755654486,0.0056058065033810014
1234,Failure,asc,0.8,0.35873673099160946,33.62825166968797,0.0056058065033810014
1234,Failure,asc,0.8500000000000001,0.33696986772181975,37.65545224903591,0.0056058065033810014
1234,Failure,asc,0.9,0.3190258090058024,40.97537587612528,0.0056058065033810014
1234,Failure,asc,0.9500000000000001,0.2999906879698491,44.497162617458066,0.0056058065033810014
1234,Residual,desc,0.0,0.5404961297784198,0.0,0.0056058065033810014
1234,Residual,desc,0.05,0.5508581414189716,-1.9171296647026534,0.0056058065033810014
1234,Residual,desc,0.1,0.5574605960551204,-3.1386841351954504,0.0056058065033810014
1234,Residual,desc,0.15000000000000002,0.559177743595596,-3.4563825322551187,0.0056058065033810014
1234,Residual,desc,0.2,0.5553090350233856,-2.7406126388062146,0.0056058065033810014
1234,Residual,desc,0.25,0.55223634746118,-2.1721187323900395,0.0056058065033810014
1234,Residual,desc,0.30000000000000004,0.5515510653354158,-2.0453311222650274,0.0056058065033810014
1234,Residual,desc,0.35000000000000003,0.5504856726203634,-1.8482172751244172,0.0056058065033810014
1234,Residual,desc,0.4,0.552101832332462,-2.147231388835308,0.0056058065033810014
1234,Residual,desc,0.45,0.5527017647015561,-2.258227996589004,0.0056058065033810014
1234,Residual,desc,0.5,0.5481116318711515,-1.4089836491250718,0.0056058065033810014
1234,Residual,desc,0.55,0.5459755232312451,-1.0137710801133115,0.0056058065033810014
1234,Residual,desc,0.6000000000000001,0.5451637574250036,-0.8635820664427923,0.0056058065033810014
1234,Residual,desc,0.65,0.5526214410056689,-2.2433668918628507,0.0056058065033810014
1234,Residual,desc,0.7000000000000001,0.5529983048759857,-2.313092436515921,0.0056058065033810014
1234,Residual,desc,0.75,0.5529342803382088,-2.3012469238009414,0.0056058065033810014
1234,Residual,desc,0.8,0.5477088685510467,-1.3344663125680238,0.0056058065033810014
1234,Residual,desc,0.8500000000000001,0.5435022933235977,-0.5561859520456339,0.0056058065033810014
1234,Residual,desc,0.9,0.5317539804507427,1.6174305135655525,0.0056058065033810014
1234,Residual,desc,0.9500000000000001,0.5335351229372887,1.2878920787064314,0.0056058065033810014
1234,Chaos,desc,0.0,0.5404961297784198,0.0,0.0056058065033810014
1234,Chaos,desc,0.05,0.5398990757749336,0.11046406636268859,0.0056058065033810014
1234,Chaos,desc,0.1,0.5415797320645881,-0.20048289459770205,0.0056058065033810014
1234,Chaos,desc,0.15000000000000002,0.5427831408740083,-0.42313181715585335,0.0056058065033810014
1234,Chaos,desc,0.2,0.5416997974864158,-0.22269682273016872,0.0056058065033810014
1234,Chaos,desc,0.25,0.5424255770382886,-0.3569770722798455,0.0056058065033810014
1234,Chaos,desc,0.30000000000000004,0.5418999516823427,-0.25972839148699745,0.0056058065033810014
1234,Chaos,desc,0.35000000000000003,0.5421514100610351,-0.3062520139217084,0.0056058065033810014
1234,Chaos,desc,0.4,0.544474222208305,-0.7360075698444084,0.0056058065033810014
1234,Chaos,desc,0.45,0.544660823047838,-0.7705315616460766,0.0056058065033810014
1234,Chaos,desc,0.5,0.5454313025149401,-0.9130819749890794,0.0056058065033810014
1234,Chaos,desc,0.55,0.5492838706060916,-1.6258656340933395,0.0056058065033810014
1234,Chaos,desc,0.6000000000000001,0.5526577297594595,-2.2500808629333666,0.0056058065033810014
1234,Chaos,desc,0.65,0.5510581524460979,-1.9541347450550879,0.0056058065033810014
1234,Chaos,desc,0.7000000000000001,0.5478438621979903,-1.3594421892683664,0.0056058065033810014
1234,Chaos,desc,0.75,0.5518627680089151,-2.1030008550024517,0.0056058065033810014
1234,Chaos,desc,0.8,0.5492659115762498,-1.6225429405804053,0.0056058065033810014
1234,Chaos,desc,0.8500000000000001,0.5483400552106836,-1.4512454391633736,0.0056058065033810014
1234,Chaos,desc,0.9,0.5346934821727819,1.0735780121157767,0.0056058065033810014
1234,Chaos,desc,0.9500000000000001,0.544444583830212,-0.7305240193691903,0.0056058065033810014
1234,Failure,desc,0.0,0.5404961297784199,0.0,0.0056058065033810014
1234,Failure,desc,0.05,0.5602155345809665,-3.648389639835301,0.0056058065033810014
1234,Failure,desc,0.1,0.578954140012165,-7.115316487004505,0.0056058065033810014
1234,Failure,desc,0.15000000000000002,0.595813799558136,-10.234609783865418,0.0056058065033810014
1234,Failure,desc,0.2,0.6092307910322772,-12.716957156018035,0.0056058065033810014
1234,Failure,desc,0.25,0.6213827362879177,-14.965251747992697,0.0056058065033810014
1234,Failure,desc,0.30000000000000004,0.6400783468438628,-18.424223889682118,0.0056058065033810014
1234,Failure,desc,0.35000000000000003,0.6654180213588601,-23.112448859097807,0.0056058065033810014
1234,Failure,desc,0.4,0.6906971988767465,-27.789480964443282,0.0056058065033810014
1234,Failure,desc,0.45,0.7148359944275003,-32.255525071114256,0.0056058065033810014
1234,Failure,desc,0.5,0.7486007365859688,-38.502515622611924,0.0056058065033810014
1234,Failure,desc,0.55,0.7849973715324877,-45.23644634685965,0.0056058065033810014
1234,Failure,desc,0.6000000000000001,0.8179338802709739,-51.330201125823336,0.0056058065033810014
1234,Failure,desc,0.65,0.8431134989716469,-55.98881333660744,0.0056058065033810014
1234,Failure,desc,0.7000000000000001,0.8455631212907944,-56.44203070194763,0.0056058065033810014
1234,Failure,desc,0.75,0.8640941138681543,-59.87054601526853,0.0056058065033810014
1234,Failure,desc,0.8,0.8840916102581614,-63.5703868260076,0.0056058065033810014
1234,Failure,desc,0.8500000000000001,0.9073510528965081,-67.87373727698714,0.0056058065033810014
1234,Failure,desc,0.9,0.9712865666301547,-79.70277919072987,0.0056058065033810014
1234,Failure,desc,0.9500000000000001,1.0132011442179067,-87.45761318092612,0.0056058065033810014
4321,Residual,asc,0.0,0.555856772716578,0.0,0.039584870767712
4321,Residual,asc,0.05,0.5550987897096645,0.1363630064646014,0.039584870767712
4321,Residual,asc,0.1,0.5550435026938445,0.1463092765351861,0.039584870767712
4321,Residual,asc,0.15000000000000002,0.5539779795697479,0.33799950617638747,0.039584870767712
4321,Residual,asc,0.2,0.5529602892227947,0.5210845016113729,0.039584870767712
4321,Residual,asc,0.25,0.5537266420356802,0.38321574647501017,0.039584870767712
4321,Residual,asc,0.30000000000000004,0.552350478246008,0.6307909955713966,0.039584870767712
4321,Residual,asc,0.35000000000000003,0.552129875854207,0.6704779082130954,0.039584870767712
4321,Residual,asc,0.4,0.5501373422623678,1.0289396000804756,0.039584870767712
4321,Residual,asc,0.45,0.5506118917156376,0.9435669867450934,0.039584870767712
4321,Residual,asc,0.5,0.5451623097233634,1.9239601850938413,0.039584870767712
4321,Residual,asc,0.55,0.5455987048731076,1.8454516247660802,0.039584870767712
4321,Residual,asc,0.6000000000000001,0.5484900457916142,1.3252922850901256,0.039584870767712
4321,Residual,asc,0.65,0.5450665520876117,1.941187219188213,0.039584870767712
4321,Residual,asc,0.7000000000000001,0.5433828998794135,2.2440803907456788,0.039584870767712
4321,Residual,asc,0.75,0.5380226428800409,3.208403803263618,0.039584870767712
4321,Residual,asc,0.8,0.5424264666056174,2.416145088117584,0.039584870767712
4321,Residual,asc,0.8500000000000001,0.5452753102838492,1.9036311064476383,0.039584870767712
4321,Residual,asc,0.9,0.5439380982540261,2.1441988381832733,0.039584870767712
4321,Residual,asc,0.9500000000000001,0.5245675200254354,5.629013484575538,0.039584870767712
4321,Chaos,asc,0.0,0.555856772716578,0.0,0.039584870767712
4321,Chaos,asc,0.05,0.555773858933796,0.014916393368150788,0.039584870767712
4321,Chaos,asc,0.1,0.5552003579308111,0.11809063377222345,0.039584870767712
4321,Chaos,asc,0.15000000000000002,0.5567976960692961,-0.16927442443844717,0.039584870767712
4321,Chaos,asc,0.2,0.55912814429432,-0.5885277895876356,0.039584870767712
4321,Chaos,asc,0.25,0.5584033807540859,-0.4581410468495667,0.039584870767712
4321,Chaos,asc,0.30000000000000004,0.5579346478399714,-0.37381484320833974,0.039584870767712
4321,Chaos,asc,0.35000000000000003,0.5565887948715158,-0.13169258536876458,0.039584870767712
4321,Chaos,asc,0.4,0.556185930044404,-0.05921621251772437,0.039584870767712
4321,Chaos,asc,0.45,0.5540141356142445,0.33149494488087944,0.039584870767712
4321,Chaos,asc,0.5,0.5529102165323072,0.5300927017350842,0.039584870767712
4321,Chaos,asc,0.55,0.5496406961266506,1.118287460913402,0.039584870767712
4321,Chaos,asc,0.6000000000000001,0.5479782673737961,1.417362480676117,0.039584870767712
4321,Chaos,asc,0.65,0.5437330663810352,2.1810845762104965,0.039584870767712
4321,Chaos,asc,0.7000000000000001,0.5417380254753773,2.539997339998153,0.039584870767712
4321,Chaos,asc,0.75,0.5472607865300279,1.5464390484152755,0.039584870767712
4321,Chaos,asc,0.8,0.5408631880738852,2.697382739337012,0.039584870767712
4321,Chaos,asc,0.8500000000000001,0.5400697927504671,2.840116508602911,0.039584870767712
4321,Chaos,asc,0.9,0.541426886671876,2.595971975690854,0.039584870767712
4321,Chaos,asc,0.9500000000000001,0.5524056270337919,0.6208695930643486,0.039584870767712
4321,Failure,asc,0.0,0.5558567727165779,0.0,0.039584870767712
4321,Failure,asc,0.05,0.5458279019673814,1.804218504019201,0.039584870767712
4321,Failure,asc,0.1,0.5409337092771952,2.684695801483322,0.039584870767712
4321,Failure,asc,0.15000000000000002,0.5362646116039909,3.5246779519904687,0.039584870767712
4321,Failure,asc,0.2,0.5325929059347909,4.185226828863124,0.039584870767712
4321,Failure,asc,0.25,0.5276753057741893,5.06991518780285,0.039584870767712
4321,Failure,asc,0.30000000000000004,0.5237164275582562,5.782127111853952,0.039584870767712
4321,Failure,asc,0.35000000000000003,0.518458095988367,6.728113889021518,0.039584870767712
4321,Failure,asc,0.4,0.5167684453288952,7.032086196710449,0.039584870767712
4321,Failure,asc,0.45,0.5197879843189843,6.488863708778522,0.039584870767712
4321,Failure,asc,0.5,0.5223182607381086,6.033660760227883,0.039584870767712
4321,Failure,asc,0.55,0.5209110353968059,6.286824058828219,0.039584870767712
4321,Failure,asc,0.6000000000000001,0.5156655094683913,7.230507069611512,0.039584870767712
4321,Failure,asc,0.65,0.5142011152048839,7.493955197867762,0.039584870767712
4321,Failure,asc,0.7000000000000001,0.5219589802391609,6.098296205289001,0.039584870767712
4321,Failure,asc,0.75,0.5241878036187502,5.697325399680821,0.039584870767712
4321,Failure,asc,0.8,0.5187923990600207,6.667971944538244,0.039584870767712
4321,Failure,asc,0.8500000000000001,0.5141097321201444,7.5103952394800695,0.039584870767712
4321,Failure,asc,0.9,0.48756790235790043,12.285335667484398,0.039584870767712
4321,Failure,asc,0.9500000000000001,0.40095380382354895,27.867424936821156,0.039584870767712
4321,Residual,desc,0.0,0.555856772716578,0.0,0.039584870767712
4321,Residual,desc,0.05,0.557910953587949,-0.3695521890165732,0.039584870767712
4321,Residual,desc,0.1,0.5572794475908679,-0.2559427075678232,0.039584870767712
4321,Residual,desc,0.15000000000000002,0.5577609218772069,-0.3425611153972338,0.039584870767712
4321,Residual,desc,0.2,0.559182357177232,-0.598280820507276,0.039584870767712
4321,Residual,desc,0.25,0.5619379253478554,-1.0940143090382162,0.039584870767712
4321,Residual,desc,0.30000000000000004,0.5612837062698827,-0.9763186884963628,0.039584870767712
4321,Residual,desc,0.35000000000000003,0.5618157891613149,-1.0720417088046088,0.039584870767712
4321,Residual,desc,0.4,0.5607157712746776,-0.8741457865760687,0.039584870767712
4321,Residual,desc,0.45,0.5641375802771733,-1.4897376387311905,0.039584870767712
4321,Residual,desc,0.5,0.5662078159297429,-1.8621781223564864,0.039584870767712
4321,Residual,desc,0.55,0.562025674913007,-1.1098006715435833,0.039584870767712
4321,Residual,desc,0.6000000000000001,0.5641417375340695,-1.4904855394675363,0.039584870767712
4321,Residual,desc,0.65,0.5634185093949206,-1.3603750191595116,0.039584870767712
4321,Residual,desc,0.7000000000000001,0.5638897453821943,-1.4451515318159465,0.039584870767712
4321,Residual,desc,0.75,0.5622214685077896,-1.1450244206086042,0.039584870767712
4321,Residual,desc,0.8,0.567411574621688,-2.0787372705093667,0.039584870767712
4321,Residual,desc,0.8500000000000001,0.5666782204603427,-1.9468050539131192,0.039584870767712
4321,Residual,desc,0.9,0.5626114418194308,-1.215181578132344,0.039584870767712
4321,Residual,desc,0.9500000000000001,0.5695146028687811,-2.457077222510882,0.039584870767712
4321,Chaos,desc,0.0,0.555856772716578,0.0,0.039584870767712
4321,Chaos,desc,0.05,0.5560487247861927,-0.03453264924283414,0.039584870767712
4321,Chaos,desc,0.1,0.5574530167176968,-0.2871682202085346,0.039584870767712
4321,Chaos,desc,0.15000000000000002,0.5587066326303166,-0.5126968049360705,0.039584870767712
4321,Chaos,desc,0.2,0.5595852759112079,-0.6707668913356963,0.039584870767712
4321,Chaos,desc,0.25,0.55875496111042,-0.5213912173234914,0.039584870767712
4321,Chaos,desc,0.30000000000000004,0.5620215806977243,-1.1090641121484928,0.039584870767712
4321,Chaos,desc,0.35000000000000003,0.5625905988574307,-1.2114318780255615,0.039584870767712
4321,Chaos,desc,0.4,0.5611582170312855,-0.9537428659541941,0.039584870767712
4321,Chaos,desc,0.45,0.5610646939376183,-0.9369178314744998,0.039584870767712
4321,Chaos,desc,0.5,0.5588153008717579,-0.5322464887350475,0.039584870767712
4321,Chaos,desc,0.55,0.5581858005835821,-0.4189978392494475,0.039584870767712
4321,Chaos,desc,0.6000000000000001,0.5553643869383524,0.08858141204597374,0.039584870767712
4321,Chaos,desc,0.65,0.5544448242438451,0.25401300155656786,0.039584870767712
4321,Chaos,desc,0.7000000000000001,0.550676906872073,0.9318706002609135,0.039584870767712
4321,Chaos,desc,0.75,0.5479772467958887,1.4175460851507766,0.039584870767712
4321,Chaos,desc,0.8,0.5425225085037099,2.3988669145292603,0.039584870767712
4321,Chaos,desc,0.8500000000000001,0.5501743443899543,1.0222828263569732,0.039584870767712
4321,Chaos,desc,0.9,0.562149385939379,-1.1320565893346695,0.039584870767712
4321,Chaos,desc,0.9500000000000001,0.5578856042009618,-0.36499177197545574,0.039584870767712
4321,Failure,desc,0.0,0.5558567727165781,0.0,0.039584870767712
4321,Failure,desc,0.05,0.5691678926051347,-2.3947031936847,0.039584870767712
4321,Failure,desc,0.1,0.5651868639289456,-1.6785063473760626,0.039584870767712
4321,Failure,desc,0.15000000000000002,0.5639515426470291,-1.456269011689884,0.039584870767712
4321,Failure,desc,0.2,0.5655164914539129,-1.7378071495155047,0.039584870767712
4321,Failure,desc,0.25,0.5665403534126464,-1.9220024330828323,0.039584870767712
4321,Failure,desc,0.30000000000000004,0.5708413408657504,-2.6957606499854143,0.039584870767712
4321,Failure,desc,0.35000000000000003,0.5794343674281384,-4.241667254737599,0.039584870767712
4321,Failure,desc,0.4,0.584870710259401,-5.219678695471541,0.039584870767712
4321,Failure,desc,0.45,0.5877960032657833,-5.745946099228424,0.039584870767712
4321,Failure,desc,0.5,0.5945398096366018,-6.959173445161484,0.039584870767712
4321,Failure,desc,0.55,0.6085712011961034,-9.48345528325577,0.039584870767712
4321,Failure,desc,0.6000000000000001,0.6296754813224578,-13.280167163406787,0.039584870767712
4321,Failure,desc,0.65,0.6474517030664839,-16.47815315845914,0.039584870767712
4321,Failure,desc,0.7000000000000001,0.6610844370083053,-18.930715511022665,0.039584870767712
4321,Failure,desc,0.75,0.6855384014008793,-23.330043825952206,0.039584870767712
4321,Failure,desc,0.8,0.7108949641498733,-27.891751804263176,0.039584870767712
4321,Failure,desc,0.8500000000000001,0.754161729391837,-35.675549243756585,0.039584870767712
4321,Failure,desc,0.9,0.8068428341271436,-45.153009503500115,0.039584870767712
4321,Failure,desc,0.9500000000000001,0.9715625854054752,-74.78649772625123,0.039584870767712
12345,Residual,asc,0.0,0.4869861131628432,0.0,0.09580396470918619
12345,Residual,asc,0.05,0.48773576302108385,-0.15393659859659878,0.09580396470918619
12345,Residual,asc,0.1,0.4846683170656087,0.47594706185378105,0.09580396470918619
12345,Residual,asc,0.15000000000000002,0.48403556105546747,0.605880132435949,0.09580396470918619
12345,Residual,asc,0.2,0.4843671836937119,0.5377831930611003,0.09580396470918619
12345,Residual,asc,0.25,0.4839317832612313,0.6271903487708953,0.09580396470918619
12345,Residual,asc,0.30000000000000004,0.48278942375901907,0.8617677774357368,0.09580396470918619
12345,Residual,asc,0.35000000000000003,0.4824716190405547,0.927027280709931,0.09580396470918619
12345,Residual,asc,0.4,0.4832444786016342,0.7683246934718645,0.09580396470918619
12345,Residual,asc,0.45,0.48075058859737335,1.2804316995759453,0.09580396470918619
12345,Residual,asc,0.5,0.48205446419539755,1.0126878024130723,0.09580396470918619
12345,Residual,asc,0.55,0.48377499502213855,0.659385977117352,0.09580396470918619
12345,Residual,asc,0.6000000000000001,0.48064656618748813,1.3017921464292697,0.09580396470918619
12345,Residual,asc,0.65,0.4847093448426446,0.46752222674514876,0.09580396470918619
12345,Residual,asc,0.7000000000000001,0.4870975201311276,-0.02287682651993402,0.09580396470918619
12345,Residual,asc,0.75,0.48378886271161725,0.6565383210746304,0.09580396470918619
12345,Residual,asc,0.8,0.4796108046157733,1.5144802588248816,0.09580396470918619
12345,Residual,asc,0.8500000000000001,0.47007685003798166,3.4722269624980524,0.09580396470918619
12345,Residual,asc,0.9,0.4473453057990923,8.140028286698882,0.09580396470918619
12345,Residual,asc,0.9500000000000001,0.4332585509005206,11.032668244557646,0.09580396470918619
12345,Chaos,asc,0.0,0.4869861131628433,0.0,0.09580396470918619
12345,Chaos,asc,0.05,0.4878228750495889,-0.1718245888596376,0.09580396470918619
12345,Chaos,asc,0.1,0.48748401518961004,-0.1022415246161766,0.09580396470918619
12345,Chaos,asc,0.15000000000000002,0.4883907592109666,-0.2884365714251061,0.09580396470918619
12345,Chaos,asc,0.2,0.49097612082875064,-0.8193267853149496,0.09580396470918619
12345,Chaos,asc,0.25,0.49024237694451317,-0.6686563936128124,0.09580396470918619
12345,Chaos,asc,0.30000000000000004,0.4901012003989314,-0.6396665432318921,0.09580396470918619
12345,Chaos,asc,0.35000000000000003,0.48853760718181877,-0.31859101872514184,0.09580396470918619
12345,Chaos,asc,0.4,0.48994031029129137,-0.606628618064972,0.09580396470918619
12345,Chaos,asc,0.45,0.489954892763325,-0.6096230508915901,0.09580396470918619
12345,Chaos,asc,0.5,0.4921020345075813,-1.0505271518958632,0.09580396470918619
12345,Chaos,asc,0.55,0.4902029184724803,-0.660553806913455,0.09580396470918619
12345,Chaos,asc,0.6000000000000001,0.4934882462855829,-1.3351783443084277,0.09580396470918619
12345,Chaos,asc,0.65,0.4930721206002358,-1.2497291550811462,0.09580396470918619
12345,Chaos,asc,0.7000000000000001,0.48916506909330765,-0.4474369743959688,0.09580396470918619
12345,Chaos,asc,0.75,0.4904297382700006,-0.7071300421262269,0.09580396470918619
12345,Chaos,asc,0.8,0.49600890781791884,-1.8527827408619384,0.09580396470918619
12345,Chaos,asc,0.8500000000000001,0.4920386812622638,-1.0375179009942277,0.09580396470918619
12345,Chaos,asc,0.9,0.48258236496899015,0.9042861951959956,0.09580396470918619
12345,Chaos,asc,0.9500000000000001,0.5112103065659915,-4.974308865979493,0.09580396470918619
12345,Failure,asc,0.0,0.4869861131628429,0.0,0.09580396470918619
12345,Failure,asc,0.05,0.4759375464936289,2.268764215360588,0.09580396470918619
12345,Failure,asc,0.1,0.46563174151333786,4.385006280941808,0.09580396470918619
12345,Failure,asc,0.15000000000000002,0.4584782151644384,5.853944748702063,0.09580396470918619
12345,Failure,asc,0.2,0.45157020596205055,7.272467580394773,0.09580396470918619
12345,Failure,asc,0.25,0.45046208364735585,7.500014585277058,0.09580396470918619
12345,Failure,asc,0.30000000000000004,0.45083183035336,7.4240890720005615,0.09580396470918619
12345,Failure,asc,0.35000000000000003,0.4513140094403075,7.325076169185765,0.09580396470918619
12345,Failure,asc,0.4,0.45237101684443215,7.108025338462955,0.09580396470918619
12345,Failure,asc,0.45,0.45275860648437116,7.028435873904773,0.09580396470918619
12345,Failure,asc,0.5,0.4475662883714969,8.09465069451876,0.09580396470918619
12345,Failure,asc,0.55,0.43776917241423974,10.106436183354894,0.09580396470918619
12345,Failure,asc,0.6000000000000001,0.427887814650059,12.135520277766542,0.09580396470918619
12345,Failure,asc,0.65,0.41970039001430587,13.816764242317811,0.09580396470918619
12345,Failure,asc,0.7000000000000001,0.41357376491526016,15.074834017501942,0.09580396470918619
12345,Failure,asc,0.75,0.4149905267434552,14.783909535283431,0.09580396470918619
12345,Failure,asc,0.8,0.4170380442487027,14.363462740209659,0.09580396470918619
12345,Failure,asc,0.8500000000000001,0.4152139579287322,14.738029133514704,0.09580396470918619
12345,Failure,asc,0.9,0.3897361136505943,19.969768517758382,0.09580396470918619
12345,Failure,asc,0.9500000000000001,0.33570503491371545,31.06476225093932,0.09580396470918619
12345,Residual,desc,0.0,0.48698611316284324,0.0,0.09580396470918619
12345,Residual,desc,0.05,0.4908623681970912,-0.7959682893363753,0.09580396470918619
12345,Residual,desc,0.1,0.492274465542679,-1.0859349449390558,0.09580396470918619
12345,Residual,desc,0.15000000000000002,0.4902933559815855,-0.6791246668745101,0.09580396470918619
12345,Residual,desc,0.2,0.48891286578264476,-0.395648370194333,0.09580396470918619
12345,Residual,desc,0.25,0.4880270323274154,-0.21374719657028285,0.09580396470918619
12345,Residual,desc,0.30000000000000004,0.4869844683213088,0.00033775943296160334,0.09580396470918619
12345,Residual,desc,0.35000000000000003,0.4881451119744777,-0.23799422207484816,0.09580396470918619
12345,Residual,desc,0.4,0.491035703828761,-0.8315618364591055,0.09580396470918619
12345,Residual,desc,0.45,0.48941284005418534,-0.4983154192182536,0.09580396470918619
12345,Residual,desc,0.5,0.491510230287856,-0.9290033129753646,0.09580396470918619
12345,Residual,desc,0.55,0.4940202399933869,-1.444420413727798,0.09580396470918619
12345,Residual,desc,0.6000000000000001,0.4920573465607099,-1.041350720440537,0.09580396470918619
12345,Residual,desc,0.65,0.49456398559367204,-1.5560756715653694,0.09580396470918619
12345,Residual,desc,0.7000000000000001,0.49578162226238187,-1.8061108647255213,0.09580396470918619
12345,Residual,desc,0.75,0.4955313769815885,-1.7547243315104168,0.09580396470918619
12345,Residual,desc,0.8,0.4963713399517322,-1.927206245766325,0.09580396470918619
12345,Residual,desc,0.8500000000000001,0.5024815651864167,-3.1819083963061536,0.09580396470918619
12345,Residual,desc,0.9,0.5067062643276279,-4.049427823867009,0.09580396470918619
12345,Residual,desc,0.9500000000000001,0.47348397510534906,2.77259200879496,0.09580396470918619
12345,Chaos,desc,0.0,0.4869861131628432,0.0,0.09580396470918619
12345,Chaos,desc,0.05,0.4855850238078905,0.2877062234594337,0.09580396470918619
12345,Chaos,desc,0.1,0.4874917469137295,-0.10382919291113833,0.09580396470918619
12345,Chaos,desc,0.15000000000000002,0.48604373838192655,0.193511633174951,0.09580396470918619
12345,Chaos,desc,0.2,0.48467270643418875,0.47504572843555665,0.09580396470918619
12345,Chaos,desc,0.25,0.4857820243279595,0.24725321776906997,0.09580396470918619
12345,Chaos,desc,0.30000000000000004,0.48597119433834796,0.20840816546155747,0.09580396470918619
12345,Chaos,desc,0.35000000000000003,0.48352652650612227,0.7104076611654969,0.09580396470918619
12345,Chaos,desc,0.4,0.4823673173837196,0.9484450694344809,0.09580396470918619
12345,Chaos,desc,0.45,0.48421957473078125,0.5680939060241385,0.09580396470918619
12345,Chaos,desc,0.5,0.48179381972931545,1.0662097528418595,0.09580396470918619
12345,Chaos,desc,0.55,0.48322590897836415,0.7721378665312492,0.09580396470918619
12345,Chaos,desc,0.6000000000000001,0.4824151976399604,0.9386131142828571,0.09580396470918619
12345,Chaos,desc,0.65,0.4839870983491689,0.6158316905992391,0.09580396470918619
12345,Chaos,desc,0.7000000000000001,0.4794868612184006,1.539931374169368,0.09580396470918619
12345,Chaos,desc,0.75,0.477090594536487,2.0319919519034046,0.09580396470918619
12345,Chaos,desc,0.8,0.47033610028559064,3.4189913073938,0.09580396470918619
12345,Chaos,desc,0.8500000000000001,0.47853393823177587,1.735609025106018,0.09580396470918619
12345,Chaos,desc,0.9,0.4820665630721285,1.0102033626305194,0.09580396470918619
12345,Chaos,desc,0.9500000000000001,0.4692257253395364,3.6470008781067453,0.09580396470918619
12345,Failure,desc,0.0,0.48698611316284335,0.0,0.09580396470918619
12345,Failure,desc,0.05,0.4956309511449699,-1.7751713546779957,0.09580396470918619
12345,Failure,desc,0.1,0.49838948996035076,-2.341622582099017,0.09580396470918619
12345,Failure,desc,0.15000000000000002,0.5000088476255456,-2.6741490384855444,0.09580396470918619
12345,Failure,desc,0.2,0.5049616645632797,-3.691183570654619,0.09580396470918619
12345,Failure,desc,0.25,0.5120231932339946,-5.1412308060577265,0.09580396470918619
12345,Failure,desc,0.30000000000000004,0.5200574984398536,-6.7910325126563755,0.09580396470918619
12345,Failure,desc,0.35000000000000003,0.5248095958582264,-7.766850362473324,0.09580396470918619
12345,Failure,desc,0.4,0.5278853314133067,-8.39843624797307,0.09580396470918619
12345,Failure,desc,0.45,0.5302166117927597,-8.877152235234375,0.09580396470918619
12345,Failure,desc,0.5,0.5306850751902646,-8.973348694402873,0.09580396470918619
12345,Failure,desc,0.55,0.533437498469289,-9.538544129062828,0.09580396470918619
12345,Failure,desc,0.6000000000000001,0.5458017990552382,-12.077487284062952,0.09580396470918619
12345,Failure,desc,0.65,0.5621844158924139,-15.44157024133149,0.09580396470918619
12345,Failure,desc,0.7000000000000001,0.5840794003244715,-19.937588472704785,0.09580396470918619
12345,Failure,desc,0.75,0.6154238764421899,-26.374009403508026,0.09580396470918619
12345,Failure,desc,0.8,0.6566280776606735,-34.835072276712665,0.09580396470918619
12345,Failure,desc,0.8500000000000001,0.6843940296782889,-40.53666237694837,0.09580396470918619
12345,Failure,desc,0.9,0.724789476406837,-48.83165183079349,0.09580396470918619
12345,Failure,desc,0.9500000000000001,0.7360724177268033,-51.14854363016876,0.09580396470918619
54321,Residual,asc,0.0,0.5442359301199352,0.0,0.0015091346977787116
54321,Residual,asc,0.05,0.5405529977057207,0.6767161465070576,0.0015091346977787116
54321,Residual,asc,0.1,0.5415663428055719,0.490520225993712,0.0015091346977787116
54321,Residual,asc,0.15000000000000002,0.5443089131484483,-0.013410181958589852,0.0015091346977787116
54321,Residual,asc,0.2,0.5440848080360016,0.027767752103455945,0.0015091346977787116
54321,Residual,asc,0.25,0.5441475840960891,0.01623303772440007,0.0015091346977787116
54321,Residual,asc,0.30000000000000004,0.545910261998991,-0.3076481699190216,0.0015091346977787116
54321,Residual,asc,0.35000000000000003,0.545417809584618,-0.217163071982842,0.0015091346977787116
54321,Residual,asc,0.4,0.5451212716252936,-0.16267604844892258,0.0015091346977787116
54321,Residual,asc,0.45,0.5443102215897356,-0.013650599985938637,0.0015091346977787116
54321,Residual,asc,0.5,0.5419615181066897,0.4179091984508077,0.0015091346977787116
54321,Residual,asc,0.55,0.5372267883808414,1.2878866225442354,0.0015091346977787116
54321,Residual,asc,0.6000000000000001,0.53374630146117,1.9274046563690865,0.0015091346977787116
54321,Residual,asc,0.65,0.5278157388639328,3.017109004983148,0.0015091346977787116
54321,Residual,asc,0.7000000000000001,0.5191481248288862,4.609729696736551,0.0015091346977787116
54321,Residual,asc,0.75,0.5094449299998213,6.392631980848254,0.0015091346977787116
54321,Residual,asc,0.8,0.5035612565771619,7.473720732442215,0.0015091346977787116
54321,Residual,asc,0.8500000000000001,0.46881917064019946,13.857365033417748,0.0015091346977787116
54321,Residual,asc,0.9,0.44797949500138085,17.686527072430145,0.0015091346977787116
54321,Residual,asc,0.9500000000000001,0.4438424054847595,18.44669178917526,0.0015091346977787116
54321,Chaos,asc,0.0,0.544235930119935,0.0,0.0015091346977787116
54321,Chaos,asc,0.05,0.5457695940254951,-0.281801296217637,0.0015091346977787116
54321,Chaos,asc,0.1,0.5442412640891734,-0.0009800839935784,0.0015091346977787116
54321,Chaos,asc,0.15000000000000002,0.5442403580745577,-0.0008136093884443564,0.0015091346977787116
54321,Chaos,asc,0.2,0.5432732614379489,0.17688444086629632,0.0015091346977787116
54321,Chaos,asc,0.25,0.541184686889562,0.5606471497941283,0.0015091346977787116
54321,Chaos,asc,0.30000000000000004,0.5393112701482288,0.9048759369159899,0.0015091346977787116
54321,Chaos,asc,0.35000000000000003,0.5380910267901715,1.1290881380083269,0.0015091346977787116
54321,Chaos,asc,0.4,0.5394442927933597,0.8804338452110896,0.0015091346977787116
54321,Chaos,asc,0.45,0.5391932739247952,0.9265570161875394,0.0015091346977787116
54321,Chaos,asc,0.5,0.5373730410250153,1.2610136000038301,0.0015091346977787116
54321,Chaos,asc,0.55,0.5383688100579668,1.0780471735255068,0.0015091346977787116
54321,Chaos,asc,0.6000000000000001,0.5412712358815451,0.5447443056059372,0.0015091346977787116
54321,Chaos,asc,0.65,0.5425727301281197,0.3056027542041879,0.0015091346977787116
54321,Chaos,asc,0.7000000000000001,0.5413251698655507,0.5348342682451801,0.0015091346977787116
54321,Chaos,asc,0.75,0.5439241354406434,0.05729035185582706,0.0015091346977787116
54321,Chaos,asc,0.8,0.5442908768431439,-0.010096121951527266,0.0015091346977787116
54321,Chaos,asc,0.8500000000000001,0.5370371818902623,1.32272564732841,0.0015091346977787116
54321,Chaos,asc,0.9,0.5354528434085799,1.6138380847842086,0.0015091346977787116
54321,Chaos,asc,0.9500000000000001,0.5323115653279846,2.191028583747227,0.0015091346977787116
54321,Failure,asc,0.0,0.5442359301199351,0.0,0.0015091346977787116
54321,Failure,asc,0.05,0.5390282285665043,0.9568830841953261,0.0015091346977787116
54321,Failure,asc,0.1,0.5321366813976036,2.223162428777006,0.0015091346977787116
54321,Failure,asc,0.15000000000000002,0.5265225595463134,3.2547227394042326,0.0015091346977787116
54321,Failure,asc,0.2,0.5242753820493461,3.667627763236843,0.0015091346977787116
54321,Failure,asc,0.25,0.5202737654055682,4.402900174026773,0.0015091346977787116
54321,Failure,asc,0.30000000000000004,0.5147271679362336,5.4220532953784435,0.0015091346977787116
54321,Failure,asc,0.35000000000000003,0.5108873428345927,6.127597506837386,0.0015091346977787116
54321,Failure,asc,0.4,0.5057546431278342,7.07069946367205,0.0015091346977787116
54321,Failure,asc,0.45,0.503119571733564,7.55487760194556,0.0015091346977787116
54321,Failure,asc,0.5,0.49859912877008666,8.385481153328355,0.0015091346977787116
54321,Failure,asc,0.55,0.4965998370200873,8.752838697979765,0.0015091346977787116
54321,Failure,asc,0.6000000000000001,0.4946696868883973,9.107491896136795,0.0015091346977787116
54321,Failure,asc,0.65,0.49811765072257347,8.473949778949432,0.0015091346977787116
54321,Failure,asc,0.7000000000000001,0.5002231688081604,8.087073799422878,0.0015091346977787116
54321,Failure,asc,0.75,0.503804787877355,7.428973356035147,0.0015091346977787116
54321,Failure,asc,0.8,0.5032485211084913,7.531183948551741,0.0015091346977787116
54321,Failure,asc,0.8500000000000001,0.513306560316063,5.6830811955131395,0.0015091346977787116
54321,Failure,asc,0.9,0.5351910849366924,1.6619345917219073,0.0015091346977787116
54321,Failure,asc,0.9500000000000001,0.5792040306121409,-6.425173083390459,0.0015091346977787116
54321,Residual,desc,0.0,0.5442359301199351,0.0,0.0015091346977787116
54321,Residual,desc,0.05,0.5502255355853962,-1.1005531119823666,0.0015091346977787116
54321,Residual,desc,0.1,0.5555736047595106,-2.0832278818998495,0.0015091346977787116
54321,Residual,desc,0.15000000000000002,0.5579974453043285,-2.5285936526389796,0.0015091346977787116
54321,Residual,desc,0.2,0.5546918454907415,-1.9212100473598213,0.0015091346977787116
54321,Residual,desc,0.25,0.5557944692669171,-2.1238103747458976,0.0015091346977787116
54321,Residual,desc,0.30000000000000004,0.5548624636710162,-1.9525600870819597,0.0015091346977787116
54321,Residual,desc,0.35000000000000003,0.5529631743188578,-1.6035773670803812,0.0015091346977787116
54321,Residual,desc,0.4,0.5508886186244157,-1.2223905362173655,0.0015091346977787116
54321,Residual,desc,0.45,0.5497614678298616,-1.0152835202756265,0.0015091346977787116
54321,Residual,desc,0.5,0.5465064072229728,-0.4171861829367615,0.0015091346977787116
54321,Residual,desc,0.55,0.544045270386349,0.035032551699426,0.0015091346977787116
54321,Residual,desc,0.6000000000000001,0.5428611976707483,0.25259862002934824,0.0015091346977787116
54321,Residual,desc,0.65,0.5421417603511721,0.38479079620882023,0.0015091346977787116
54321,Residual,desc,0.7000000000000001,0.5406287952298524,0.6627888183141032,0.0015091346977787116
54321,Residual,desc,0.75,0.5446068788678706,-0.0681595476163769,0.0015091346977787116
54321,Residual,desc,0.8,0.5444957736232922,-0.047744643265246654,0.0015091346977787116
54321,Residual,desc,0.8500000000000001,0.5435888426869778,0.11889833014418416,0.0015091346977787116
54321,Residual,desc,0.9,0.5640678318462827,-3.64398978986507,0.0015091346977787116
54321,Residual,desc,0.9500000000000001,0.6035954351672252,-10.90694343429492,0.0015091346977787116
54321,Chaos,desc,0.0,0.544235930119935,0.0,0.0015091346977787116
54321,Chaos,desc,0.05,0.5448319089494607,-0.10950743906127801,0.0015091346977787116
54321,Chaos,desc,0.1,0.5454631425585563,-0.22549272672072468,0.0015091346977787116
54321,Chaos,desc,0.15000000000000002,0.5454920608475272,-0.23080628420020216,0.0015091346977787116
54321,Chaos,desc,0.2,0.5442225335818769,0.002461531353717255,0.0015091346977787116
54321,Chaos,desc,0.25,0.5442898490845653,-0.009907277643076492,0.0015091346977787116
54321,Chaos,desc,0.30000000000000004,0.545465668062663,-0.22595677254475988,0.0015091346977787116
54321,Chaos,desc,0.35000000000000003,0.5451564304429386,-0.16913626463448694,0.0015091346977787116
54321,Chaos,desc,0.4,0.5462772621729767,-0.375082191392956,0.0015091346977787116
54321,Chaos,desc,0.45,0.549129830897808,-0.8992241245069046,0.0015091346977787116
54321,Chaos,desc,0.5,0.5512589852305761,-1.2904431188682215,0.0015091346977787116
54321,Chaos,desc,0.55,0.55052692235356,-1.155931074274845,0.0015091346977787116
54321,Chaos,desc,0.6000000000000001,0.5515352410366865,-1.3412034216746658,0.0015091346977787116
54321,Chaos,desc,0.65,0.5556160144067848,-2.091020393369088,0.0015091346977787116
54321,Chaos,desc,0.7000000000000001,0.5557603652208174,-2.1175439663351034,0.0015091346977787116
54321,Chaos,desc,0.75,0.5538528526497667,-1.7670502805120554,0.0015091346977787116
54321,Chaos,desc,0.8,0.5482464774809409,-0.7369133750728486,0.0015091346977787116
54321,Chaos,desc,0.8500000000000001,0.5438062634311409,0.07894860758263159,0.0015091346977787116
54321,Chaos,desc,0.9,0.5438372939499041,0.07324694088885997,0.0015091346977787116
54321,Chaos,desc,0.9500000000000001,0.5164663882097126,5.102482282656851,0.0015091346977787116
54321,Failure,desc,0.0,0.544235930119935,0.0,0.0015091346977787116
54321,Failure,desc,0.05,0.5413762836215954,0.5254424304013511,0.0015091346977787116
54321,Failure,desc,0.1,0.5456616449414328,-0.2619663169213381,0.0015091346977787116
54321,Failure,desc,0.15000000000000002,0.5513012425993978,-1.2982076501097315,0.0015091346977787116
54321,Failure,desc,0.2,0.5568282888195992,-2.3137683498568764,0.0015091346977787116
54321,Failure,desc,0.25,0.5602827422485627,-2.9485028901144763,0.0015091346977787116
54321,Failure,desc,0.30000000000000004,0.566232643532478,-4.041760603291218,0.0015091346977787116
54321,Failure,desc,0.35000000000000003,0.5734484618039442,-5.3676227656581785,0.0015091346977787116
54321,Failure,desc,0.4,0.5834812791944449,-7.21109116516091,0.0015091346977787116
54321,Failure,desc,0.45,0.5911250569928846,-8.615588254641063,0.0015091346977787116
54321,Failure,desc,0.5,0.5981963744629619,-9.914899284789136,0.0015091346977787116
54321,Failure,desc,0.55,0.6030208936954008,-10.801374977670287,0.0015091346977787116
54321,Failure,desc,0.6000000000000001,0.6101998606194567,-12.12046593193233,0.0015091346977787116
54321,Failure,desc,0.65,0.613974692687327,-12.814068073753129,0.0015091346977787116
54321,Failure,desc,0.7000000000000001,0.6212497548372103,-14.150815933873307,0.0015091346977787116
54321,Failure,desc,0.75,0.6283420293528746,-15.453977692065449,0.0015091346977787116
54321,Failure,desc,0.8,0.6400590326978278,-17.60690488714628,0.0015091346977787116
54321,Failure,desc,0.8500000000000001,0.6666700515751817,-22.49651569830487,0.0015091346977787116
54321,Failure,desc,0.9,0.6795617130138074,-24.865279082924616,0.0015091346977787116
54321,Failure,desc,0.9500000000000001,0.6670237723620904,-22.561509714196248,0.0015091346977787116
