seed,metric,order,remove_ratio,L2,improvement_pct,mean_failure
0,Residual,asc,0.0,0.5423924691277787,0.0,0.03786015578396541
0,Residual,asc,0.05,0.542157574484074,0.04330713589782611,0.03786015578396541
0,Residual,asc,0.1,0.5432627020830569,-0.16044340672311283,0.03786015578396541
0,Residual,asc,0.15000000000000002,0.5417483642412053,0.11875254971906034,0.03786015578396541
0,Residual,asc,0.2,0.5398145525969242,0.4752861954370481,0.03786015578396541
0,Residual,asc,0.25,0.5410417943902175,0.2490216613319227,0.03786015578396541
0,Residual,asc,0.30000000000000004,0.5384854523166269,0.7203302098634724,0.03786015578396541
0,Residual,asc,0.35000000000000003,0.5355079899498593,1.2692800084393476,0.03786015578396541
0,Residual,asc,0.4,0.5335843231282152,1.6239432700324647,0.03786015578396541
0,Residual,asc,0.45,0.5307249486041795,2.1511214088871378,0.03786015578396541
0,Residual,asc,0.5,0.5261162190626002,3.0008252311010803,0.03786015578396541
0,Residual,asc,0.55,0.5242049113063382,3.353209872306663,0.03786015578396541
0,Residual,asc,0.6000000000000001,0.5202866449530035,4.075614141605547,0.03786015578396541
0,Residual,asc,0.65,0.5196074827280698,4.200830154657101,0.03786015578396541
0,Residual,asc,0.7000000000000001,0.5193293612683443,4.252106946934979,0.03786015578396541
0,Residual,asc,0.75,0.5145636885267365,5.130746126655054,0.03786015578396541
0,Residual,asc,0.8,0.5116438626105764,5.669069588419835,0.03786015578396541
0,Residual,asc,0.8500000000000001,0.5138509732070303,5.262148268143541,0.03786015578396541
0,Residual,asc,0.9,0.5014925568676881,7.540648992760121,0.03786015578396541
0,Residual,asc,0.9500000000000001,0.504714835630698,6.9465628012258644,0.03786015578396541
0,Chaos,asc,0.0,0.5423924691277788,0.0,0.03786015578396541
0,Chaos,asc,0.05,0.5408044914633068,0.2927728084104261,0.03786015578396541
0,Chaos,asc,0.1,0.5420168121447516,0.06925925495081285,0.03786015578396541
0,Chaos,asc,0.15000000000000002,0.5424122413396165,-0.0036453699052059483,0.03786015578396541
0,Chaos,asc,0.2,0.543326194847631,-0.17214946242776902,0.03786015578396541
0,Chaos,asc,0.25,0.540625135936661,0.32584028940518467,0.03786015578396541
0,Chaos,asc,0.30000000000000004,0.5410234010787892,0.25241280565550933,0.03786015578396541
0,Chaos,asc,0.35000000000000003,0.5419735538152473,0.0772347214195716,0.03786015578396541
0,Chaos,asc,0.4,0.5441984338464452,-0.33296272007067373,0.03786015578396541
0,Chaos,asc,0.45,0.5465915318757107,-0.774174234882801,0.03786015578396541
0,Chaos,asc,0.5,0.5511628985724568,-1.6169895313594067,0.03786015578396541
0,Chaos,asc,0.55,0.5531048395046909,-1.9750219604152401,0.03786015578396541
0,Chaos,asc,0.6000000000000001,0.5589128001807521,-3.045826038023643,0.03786015578396541
0,Chaos,asc,0.65,0.5705476370860917,-5.190921622416545,0.03786015578396541
0,Chaos,asc,0.7000000000000001,0.580455134329099,-7.017550457979024,0.03786015578396541
0,Chaos,asc,0.75,0.6009470361325551,-10.795608408600845,0.03786015578396541
0,Chaos,asc,0.8,0.6269768374413446,-15.594679706668096,0.03786015578396541
0,Chaos,asc,0.8500000000000001,0.6689785476185377,-23.338465354122985,0.03786015578396541
0,Chaos,asc,0.9,0.7101418397815771,-30.927673262786254,0.03786015578396541
0,Chaos,asc,0.9500000000000001,0.7800002862506913,-43.8073591812603,0.03786015578396541
0,Failure,asc,0.0,0.5423924691277788,0.0,0.03786015578396541
0,Failure,asc,0.05,0.540467957562206,0.35481900563030216,0.03786015578396541
0,Failure,asc,0.1,0.5422447875416165,0.027227809117590204,0.03786015578396541
0,Failure,asc,0.15000000000000002,0.5428373902890161,-0.08202937661593383,0.03786015578396541
0,Failure,asc,0.2,0.542802739616419,-0.0756408895757587,0.03786015578396541
0,Failure,asc,0.25,0.5455126373016508,-0.5752602315606432,0.03786015578396541
0,Failure,asc,0.30000000000000004,0.547786385481269,-0.9944674125295536,0.03786015578396541
0,Failure,asc,0.35000000000000003,0.5525919419251489,-1.8804598842922489,0.03786015578396541
0,Failure,asc,0.4,0.5542609206686101,-2.188166727299316,0.03786015578396541
0,Failure,asc,0.45,0.5541624487205807,-2.170011617552361,0.03786015578396541
0,Failure,asc,0.5,0.5547936171021502,-2.2863790852984556,0.03786015578396541
0,Failure,asc,0.55,0.5555652443568699,-2.4286427225426346,0.03786015578396541
0,Failure,asc,0.6000000000000001,0.5554942222066058,-2.4155484864854264,0.03786015578396541
0,Failure,asc,0.65,0.5421553228270918,0.043722270161384635,0.03786015578396541
0,Failure,asc,0.7000000000000001,0.5224783156983513,3.671539441071412,0.03786015578396541
0,Failure,asc,0.75,0.5062906814488071,6.656026721209282,0.03786015578396541
0,Failure,asc,0.8,0.4893015359091592,9.788287308633754,0.03786015578396541
0,Failure,asc,0.8500000000000001,0.4822116814777459,11.095432011954303,0.03786015578396541
0,Failure,asc,0.9,0.4969003735376,8.387302217402581,0.03786015578396541
0,Failure,asc,0.9500000000000001,0.5472832892221668,-0.9017123896010102,0.03786015578396541
0,Residual,desc,0.0,0.5423924691277786,0.0,0.03786015578396541
0,Residual,desc,0.05,0.5459153504211399,-0.6495077815196179,0.03786015578396541
0,Residual,desc,0.1,0.5495506159771494,-1.3197356631595178,0.03786015578396541
0,Residual,desc,0.15000000000000002,0.5498005271638012,-1.3658113741762534,0.03786015578396541
0,Residual,desc,0.2,0.5531368549489222,-1.98092459477205,0.03786015578396541
0,Residual,desc,0.25,0.5547080995240476,-2.2706123512507106,0.03786015578396541
0,Residual,desc,0.30000000000000004,0.5549029483877715,-2.3065363131075616,0.03786015578396541
0,Residual,desc,0.35000000000000003,0.5577128255266459,-2.8245887011491835,0.03786015578396541
0,Residual,desc,0.4,0.5603898148107501,-3.3181407757952543,0.03786015578396541
0,Residual,desc,0.45,0.5607624617318059,-3.386845070612441,0.03786015578396541
0,Residual,desc,0.5,0.5621300079975934,-3.638977307622784,0.03786015578396541
0,Residual,desc,0.55,0.5593504972309374,-3.1265235172658343,0.03786015578396541
0,Residual,desc,0.6000000000000001,0.5583545767681309,-2.942907313226711,0.03786015578396541
0,Residual,desc,0.65,0.5578597487742729,-2.85167669664869,0.03786015578396541
0,Residual,desc,0.7000000000000001,0.5532062526253628,-1.9937193292845428,0.03786015578396541
0,Residual,desc,0.75,0.5473699706571266,-0.9176937020073805,0.03786015578396541
0,Residual,desc,0.8,0.5553522657509465,-2.3893762101838507,0.03786015578396541
0,Residual,desc,0.8500000000000001,0.5468751415071456,-0.8264628722768835,0.03786015578396541
0,Residual,desc,0.9,0.5332445604685073,1.6865847481219713,0.03786015578396541
0,Residual,desc,0.9500000000000001,0.5465731392191137,-0.7707832112894163,0.03786015578396541
0,Chaos,desc,0.0,0.5423924691277786,0.0,0.03786015578396541
0,Chaos,desc,0.05,0.5338887049978217,1.5678248895365023,0.03786015578396541
0,Chaos,desc,0.1,0.5288632767591417,2.494354759459182,0.03786015578396541
0,Chaos,desc,0.15000000000000002,0.5250806231396611,3.1917563339248987,0.03786015578396541
0,Chaos,desc,0.2,0.5249152548844292,3.2222450048863087,0.03786015578396541
0,Chaos,desc,0.25,0.5256137621993572,3.0934623696754615,0.03786015578396541
0,Chaos,desc,0.30000000000000004,0.5280319489576377,2.647625287503354,0.03786015578396541
0,Chaos,desc,0.35000000000000003,0.5289157761412827,2.4846755354416645,0.03786015578396541
0,Chaos,desc,0.4,0.5324627445313141,1.8307268558563234,0.03786015578396541
0,Chaos,desc,0.45,0.5341970893883523,1.5109685708957745,0.03786015578396541
0,Chaos,desc,0.5,0.5339986516342434,1.547554210520895,0.03786015578396541
0,Chaos,desc,0.55,0.5374458694611095,0.9119963768346069,0.03786015578396541
0,Chaos,desc,0.6000000000000001,0.539768760095652,0.4837288829518218,0.03786015578396541
0,Chaos,desc,0.65,0.5431518568624693,-0.1400070572351075,0.03786015578396541
0,Chaos,desc,0.7000000000000001,0.545375948462609,-0.5500591369987261,0.03786015578396541
0,Chaos,desc,0.75,0.5474449629250883,-0.9315199020802353,0.03786015578396541
0,Chaos,desc,0.8,0.538475055984422,0.722246964390228,0.03786015578396541
0,Chaos,desc,0.8500000000000001,0.5418910156308028,0.09245214959975787,0.03786015578396541
0,Chaos,desc,0.9,0.5456686814784437,-0.6040298376438719,0.03786015578396541
0,Chaos,desc,0.9500000000000001,0.5726857733884755,-5.5851262664858785,0.03786015578396541
0,Failure,desc,0.0,0.5423924691277787,0.0,0.03786015578396541
0,Failure,desc,0.05,0.5419370532693518,0.08396426653180747,0.03786015578396541
0,Failure,desc,0.1,0.5503866272441612,-1.4738696739720396,0.03786015578396541
0,Failure,desc,0.15000000000000002,0.5583648119468965,-2.944794356161115,0.03786015578396541
0,Failure,desc,0.2,0.5616856912241116,-3.5570593609749626,0.03786015578396541
0,Failure,desc,0.25,0.5589030830491444,-3.044034506584572,0.03786015578396541
0,Failure,desc,0.30000000000000004,0.5537680195934399,-2.097291373524085,0.03786015578396541
0,Failure,desc,0.35000000000000003,0.5425649290687502,-0.03179615329999214,0.03786015578396541
0,Failure,desc,0.4,0.5309422403040713,2.1110596985464234,0.03786015578396541
0,Failure,desc,0.45,0.5282193193992801,2.613080109923066,0.03786015578396541
0,Failure,desc,0.5,0.526111089104605,3.00177103294885,0.03786015578396541
0,Failure,desc,0.55,0.5235714648536882,3.4699973442397822,0.03786015578396541
0,Failure,desc,0.6000000000000001,0.5195012212171611,4.220421413193476,0.03786015578396541
0,Failure,desc,0.65,0.5176549220783743,4.560820523408981,0.03786015578396541
0,Failure,desc,0.7000000000000001,0.5256063199483186,3.094834485156826,0.03786015578396541
0,Failure,desc,0.75,0.529458280752319,2.3846548600239865,0.03786015578396541
0,Failure,desc,0.8,0.5395950469999721,0.515756078307131,0.03786015578396541
0,Failure,desc,0.8500000000000001,0.5385932331212496,0.7004588416647165,0.03786015578396541
0,Failure,desc,0.9,0.5452675799627258,-0.5300794163994451,0.03786015578396541
0,Failure,desc,0.9500000000000001,0.6135482126376663,-13.118866422373667,0.03786015578396541
1,Residual,asc,0.0,0.3810210860408634,0.0,0.2679130418243835
1,Residual,asc,0.05,0.3784821554414976,0.6663491057010638,0.2679130418243835
1,Residual,asc,0.1,0.37635347940690644,1.2250258069592366,0.2679130418243835
1,Residual,asc,0.15000000000000002,0.37414874447299284,1.8036643691508174,0.2679130418243835
1,Residual,asc,0.2,0.36885469271554017,3.1931023691477276,0.2679130418243835
1,Residual,asc,0.25,0.36683746039544524,3.722530370378764,0.2679130418243835
1,Residual,asc,0.30000000000000004,0.36337821627539224,4.6304182135418595,0.2679130418243835
1,Residual,asc,0.35000000000000003,0.35994829019943675,5.530611457856859,0.2679130418243835
1,Residual,asc,0.4,0.3572089277110784,6.249564447262959,0.2679130418243835
1,Residual,asc,0.45,0.35645189436248337,6.448249868183158,0.2679130418243835
1,Residual,asc,0.5,0.35259306587474165,7.461009694112547,0.2679130418243835
1,Residual,asc,0.55,0.3446306413973036,9.550769229516346,0.2679130418243835
1,Residual,asc,0.6000000000000001,0.3449364231028413,9.470516005550444,0.2679130418243835
1,Residual,asc,0.65,0.3413132593046007,10.4214250053353,0.2679130418243835
1,Residual,asc,0.7000000000000001,0.32772380647878063,13.98801313488639,0.2679130418243835
1,Residual,asc,0.75,0.32062417928423464,15.851329222800898,0.2679130418243835
1,Residual,asc,0.8,0.3127039975993839,17.930002024652435,0.2679130418243835
1,Residual,asc,0.8500000000000001,0.30403588033120466,20.204972514671347,0.2679130418243835
1,Residual,asc,0.9,0.26563144207233313,30.284319738712583,0.2679130418243835
1,Residual,asc,0.9500000000000001,0.20442355165267834,46.34849378631121,0.2679130418243835
1,Chaos,asc,0.0,0.38102108604086343,0.0,0.2679130418243835
1,Chaos,asc,0.05,0.37898948292383156,0.5331996552059571,0.2679130418243835
1,Chaos,asc,0.1,0.36950226732590913,3.023144685939755,0.2679130418243835
1,Chaos,asc,0.15000000000000002,0.36775578478507376,3.481513685666995,0.2679130418243835
1,Chaos,asc,0.2,0.3701232748902228,2.860159594808327,0.2679130418243835
1,Chaos,asc,0.25,0.37138529504299816,2.528939040615683,0.2679130418243835
1,Chaos,asc,0.30000000000000004,0.36594933669574653,3.9556208034902562,0.2679130418243835
1,Chaos,asc,0.35000000000000003,0.3631822646551624,4.68184623876377,0.2679130418243835
1,Chaos,asc,0.4,0.35293815472412227,7.370440205435075,0.2679130418243835
1,Chaos,asc,0.45,0.334205142676721,12.286969167664786,0.2679130418243835
1,Chaos,asc,0.5,0.31713748800922087,16.766420644969564,0.2679130418243835
1,Chaos,asc,0.55,0.31280537893379834,17.903394223108467,0.2679130418243835
1,Chaos,asc,0.6000000000000001,0.3053970028223136,19.847742287532974,0.2679130418243835
1,Chaos,asc,0.65,0.3034091234574636,20.36946652739217,0.2679130418243835
1,Chaos,asc,0.7000000000000001,0.3087027975723657,18.980127640689634,0.2679130418243835
1,Chaos,asc,0.75,0.3277513645228754,13.980780452731953,0.2679130418243835
1,Chaos,asc,0.8,0.345668747042981,9.278315634765418,0.2679130418243835
1,Chaos,asc,0.8500000000000001,0.37205618671769725,2.352861731700782,0.2679130418243835
1,Chaos,asc,0.9,0.3945110722544502,-3.54048285194904,0.2679130418243835
1,Chaos,asc,0.9500000000000001,0.36310451963222634,4.7022506273355145,0.2679130418243835
1,Failure,asc,0.0,0.3810210860408635,0.0,0.2679130418243835
1,Failure,asc,0.05,0.37033485976249525,2.804628580902782,0.2679130418243835
1,Failure,asc,0.1,0.3615022355096048,5.122774367706604,0.2679130418243835
1,Failure,asc,0.15000000000000002,0.35674543597150477,6.371209090185424,0.2679130418243835
1,Failure,asc,0.2,0.3504762684732812,8.016568816431963,0.2679130418243835
1,Failure,asc,0.25,0.34505567404146253,9.439218278734254,0.2679130418243835
1,Failure,asc,0.30000000000000004,0.34475532800754183,9.518044896190405,0.2679130418243835
1,Failure,asc,0.35000000000000003,0.3433432546228176,9.888647321215451,0.2679130418243835
1,Failure,asc,0.4,0.3439599808790047,9.72678587081768,0.2679130418243835
1,Failure,asc,0.45,0.34498112061645686,9.458785023918976,0.2679130418243835
1,Failure,asc,0.5,0.34627807369991953,9.118396228921005,0.2679130418243835
1,Failure,asc,0.55,0.3466465534098884,9.02168774651188,0.2679130418243835
1,Failure,asc,0.6000000000000001,0.34917789645666797,8.357330014218798,0.2679130418243835
1,Failure,asc,0.65,0.34842666105945413,8.55449374733914,0.2679130418243835
1,Failure,asc,0.7000000000000001,0.35255664309792517,7.4705689490070855,0.2679130418243835
1,Failure,asc,0.75,0.36191073151504344,5.015563501850529,0.2679130418243835
1,Failure,asc,0.8,0.36791054332958634,3.440896893005833,0.2679130418243835
1,Failure,asc,0.8500000000000001,0.3772118290739519,0.9997496481082039,0.2679130418243835
1,Failure,asc,0.9,0.37462253345505403,1.679317187480598,0.2679130418243835
1,Failure,asc,0.9500000000000001,0.33532956155787597,11.991862434114008,0.2679130418243835
1,Residual,desc,0.0,0.38102108604086354,0.0,0.2679130418243835
1,Residual,desc,0.05,0.38965579629256464,-2.2662027294665377,0.2679130418243835
1,Residual,desc,0.1,0.3936164209847018,-3.3056792406726343,0.2679130418243835
1,Residual,desc,0.15000000000000002,0.3949637895018829,-3.6592997006795613,0.2679130418243835
1,Residual,desc,0.2,0.39882320028430146,-4.672212351399545,0.2679130418243835
1,Residual,desc,0.25,0.40155148643344146,-5.388258326043427,0.2679130418243835
1,Residual,desc,0.30000000000000004,0.4039126347559471,-6.007947999137368,0.2679130418243835
1,Residual,desc,0.35000000000000003,0.40268396520726046,-5.685480399915093,0.2679130418243835
1,Residual,desc,0.4,0.40520742250928765,-6.347768497471078,0.2679130418243835
1,Residual,desc,0.45,0.41066744604126115,-7.780766232244194,0.2679130418243835
1,Residual,desc,0.5,0.4090002122718197,-7.343196283881117,0.2679130418243835
1,Residual,desc,0.55,0.4108677235041719,-7.833329586412279,0.2679130418243835
1,Residual,desc,0.6000000000000001,0.41496411820591544,-8.908439298661701,0.2679130418243835
1,Residual,desc,0.65,0.41770066025540536,-9.626652056366252,0.2679130418243835
1,Residual,desc,0.7000000000000001,0.41961200372849367,-10.1282892473545,0.2679130418243835
1,Residual,desc,0.75,0.4204626197203128,-10.351535682521057,0.2679130418243835
1,Residual,desc,0.8,0.4259795866543053,-11.799478364990033,0.2679130418243835
1,Residual,desc,0.8500000000000001,0.41760196837080915,-9.600750108098321,0.2679130418243835
1,Residual,desc,0.9,0.42005120930769724,-10.243559922730316,0.2679130418243835
1,Residual,desc,0.9500000000000001,0.4261117737328822,-11.834171216231015,0.2679130418243835
1,Chaos,desc,0.0,0.38102108604086354,0.0,0.2679130418243835
1,Chaos,desc,0.05,0.3816773060247086,-0.17222668452913298,0.2679130418243835
1,Chaos,desc,0.1,0.3802209461931998,0.20999883654153909,0.2679130418243835
1,Chaos,desc,0.15000000000000002,0.38201907881352476,-0.26192586426940784,0.2679130418243835
1,Chaos,desc,0.2,0.3887520069707671,-2.0290008120638374,0.2679130418243835
1,Chaos,desc,0.25,0.39675842940908673,-4.1303077296187745,0.2679130418243835
1,Chaos,desc,0.30000000000000004,0.40854126824375936,-7.222745199971517,0.2679130418243835
1,Chaos,desc,0.35000000000000003,0.42326995195312145,-11.088327512595148,0.2679130418243835
1,Chaos,desc,0.4,0.4317171550392401,-13.305318486478596,0.2679130418243835
1,Chaos,desc,0.45,0.4306514351014553,-13.025617447132321,0.2679130418243835
1,Chaos,desc,0.5,0.43554448572627463,-14.309811630625502,0.2679130418243835
1,Chaos,desc,0.55,0.42948421278876203,-12.719276838841653,0.2679130418243835
1,Chaos,desc,0.6000000000000001,0.413836179312537,-8.612408728516968,0.2679130418243835
1,Chaos,desc,0.65,0.40740379542674454,-6.924212426146808,0.2679130418243835
1,Chaos,desc,0.7000000000000001,0.41364472397149415,-8.562160763756737,0.2679130418243835
1,Chaos,desc,0.75,0.4095491554045725,-7.487267872794153,0.2679130418243835
1,Chaos,desc,0.8,0.4254912965965987,-11.671325337350442,0.2679130418243835
1,Chaos,desc,0.8500000000000001,0.48026426380328047,-26.046636629389415,0.2679130418243835
1,Chaos,desc,0.9,0.5439878921431004,-42.77107280219108,0.2679130418243835
1,Chaos,desc,0.9500000000000001,0.4276432870981299,-12.236120982623575,0.2679130418243835
1,Failure,desc,0.0,0.3810210860408636,0.0,0.2679130418243835
1,Failure,desc,0.05,0.38408693143480105,-0.8046392985213014,0.2679130418243835
1,Failure,desc,0.1,0.3818830919129942,-0.2262357396246939,0.2679130418243835
1,Failure,desc,0.15000000000000002,0.3818375248888233,-0.21427655262945638,0.2679130418243835
1,Failure,desc,0.2,0.3845626482469518,-0.9294924443389928,0.2679130418243835
1,Failure,desc,0.25,0.3876224495568015,-1.7325454568752907,0.2679130418243835
1,Failure,desc,0.30000000000000004,0.39347425912564643,-3.268368481697955,0.2679130418243835
1,Failure,desc,0.35000000000000003,0.3989725481655357,-4.711409101056111,0.2679130418243835
1,Failure,desc,0.4,0.40268387433341757,-5.6854565498327005,0.2679130418243835
1,Failure,desc,0.45,0.4097144108888564,-7.530639615287726,0.2679130418243835
1,Failure,desc,0.5,0.41667048620265484,-9.356280129328049,0.2679130418243835
1,Failure,desc,0.55,0.42591844751869884,-11.783432235826472,0.2679130418243835
1,Failure,desc,0.6000000000000001,0.4377625148186523,-14.891939280153993,0.2679130418243835
1,Failure,desc,0.65,0.4527229876423107,-18.818355263875677,0.2679130418243835
1,Failure,desc,0.7000000000000001,0.4684687997355441,-22.950885632954694,0.2679130418243835
1,Failure,desc,0.75,0.4906383444228478,-28.76934174982327,0.2679130418243835
1,Failure,desc,0.8,0.5042150230023863,-32.33257724437604,0.2679130418243835
1,Failure,desc,0.8500000000000001,0.5202298247504085,-36.53570466559823,0.2679130418243835
1,Failure,desc,0.9,0.5533863486338509,-45.23772276857706,0.2679130418243835
1,Failure,desc,0.9500000000000001,0.5730811284011788,-50.40667023339416,0.2679130418243835
12,Residual,asc,0.0,0.5373579227829044,0.0,0.023027863801431337
12,Residual,asc,0.05,0.5361406520697162,0.2265288481993793,0.023027863801431337
12,Residual,asc,0.1,0.534261801053164,0.5761749475481796,0.023027863801431337
12,Residual,asc,0.15000000000000002,0.5321526240530607,0.9686837225523934,0.023027863801431337
12,Residual,asc,0.2,0.5292891726004156,1.5015597314917752,0.023027863801431337
12,Residual,asc,0.25,0.5269272186135028,1.9411092173690123,0.023027863801431337
12,Residual,asc,0.30000000000000004,0.524650809086245,2.3647392469531314,0.023027863801431337
12,Residual,asc,0.35000000000000003,0.5195902564052179,3.3064863519030476,0.023027863801431337
12,Residual,asc,0.4,0.5194004418373049,3.341810027216139,0.023027863801431337
12,Residual,asc,0.45,0.516344528618584,3.910502343669711,0.023027863801431337
12,Residual,asc,0.5,0.5111897178652007,4.869790470787525,0.023027863801431337
12,Residual,asc,0.55,0.5032827375868877,6.341245518358771,0.023027863801431337
12,Residual,asc,0.6000000000000001,0.5013001641856968,6.710193907715984,0.023027863801431337
12,Residual,asc,0.65,0.499106576809514,7.1184110909339235,0.023027863801431337
12,Residual,asc,0.7000000000000001,0.502602433051306,6.467847268651844,0.023027863801431337
12,Residual,asc,0.75,0.5010733210566306,6.75240843912019,0.023027863801431337
12,Residual,asc,0.8,0.5023432537117671,6.516079429852081,0.023027863801431337
12,Residual,asc,0.8500000000000001,0.5062512606761361,5.7888161294191125,0.023027863801431337
12,Residual,asc,0.9,0.49967379814875607,7.012853637476361,0.023027863801431337
12,Residual,asc,0.9500000000000001,0.5215257649077353,2.9462965379158277,0.023027863801431337
12,Chaos,asc,0.0,0.5373579227829045,0.0,0.023027863801431337
12,Chaos,asc,0.05,0.5335001029588898,0.7179236893048015,0.023027863801431337
12,Chaos,asc,0.1,0.5362254945812166,0.2107400214410562,0.023027863801431337
12,Chaos,asc,0.15000000000000002,0.537524372703004,-0.030975614770409967,0.023027863801431337
12,Chaos,asc,0.2,0.5384385605649732,-0.2011020469321835,0.023027863801431337
12,Chaos,asc,0.25,0.5426278986284923,-0.9807198558263088,0.023027863801431337
12,Chaos,asc,0.30000000000000004,0.5386762341310845,-0.2453320761239712,0.023027863801431337
12,Chaos,asc,0.35000000000000003,0.5440992137941054,-1.254525284802478,0.023027863801431337
12,Chaos,asc,0.4,0.5446657352802177,-1.3599524986003706,0.023027863801431337
12,Chaos,asc,0.45,0.5478110522247316,-1.9452824641891808,0.023027863801431337
12,Chaos,asc,0.5,0.546552519348118,-1.711074904710794,0.023027863801431337
12,Chaos,asc,0.55,0.5480227734834784,-1.9846828805169654,0.023027863801431337
12,Chaos,asc,0.6000000000000001,0.5527459212777306,-2.863640386119871,0.023027863801431337
12,Chaos,asc,0.65,0.5485006825725719,-2.073619708063581,0.023027863801431337
12,Chaos,asc,0.7000000000000001,0.5567792736591294,-3.6142299299588454,0.023027863801431337
12,Chaos,asc,0.75,0.5455358535520367,-1.5218777694352763,0.023027863801431337
12,Chaos,asc,0.8,0.5512766957646411,-2.5902238324975553,0.023027863801431337
12,Chaos,asc,0.8500000000000001,0.5383188051227422,-0.1788160738119258,0.023027863801431337
12,Chaos,asc,0.9,0.5410139384180397,-0.6803687970582373,0.023027863801431337
12,Chaos,asc,0.9500000000000001,0.5317855315647222,1.0369980569605541,0.023027863801431337
12,Failure,asc,0.0,0.5373579227829044,0.0,0.023027863801431337
12,Failure,asc,0.05,0.5341559689070636,0.5958698550973772,0.023027863801431337
12,Failure,asc,0.1,0.5336352738722802,0.6927689632536056,0.023027863801431337
12,Failure,asc,0.15000000000000002,0.5345468927096858,0.5231206155220794,0.023027863801431337
12,Failure,asc,0.2,0.5358364410740627,0.28314120706774915,0.023027863801431337
12,Failure,asc,0.25,0.5377086608301878,-0.06527084321506527,0.023027863801431337
12,Failure,asc,0.30000000000000004,0.5400992344812803,-0.510146325595982,0.023027863801431337
12,Failure,asc,0.35000000000000003,0.5461732502585936,-1.640494557153983,0.023027863801431337
12,Failure,asc,0.4,0.5494122504562963,-2.2432585735340296,0.023027863801431337
12,Failure,asc,0.45,0.5536469607613294,-3.031319961575373,0.023027863801431337
12,Failure,asc,0.5,0.5562885637354427,-3.5229109221092387,0.023027863801431337
12,Failure,asc,0.55,0.5534269673226133,-2.9903801281070725,0.023027863801431337
12,Failure,asc,0.6000000000000001,0.5503550415923673,-2.4187079520764354,0.023027863801431337
12,Failure,asc,0.65,0.541118222740918,-0.6997756613579917,0.023027863801431337
12,Failure,asc,0.7000000000000001,0.5224550936355152,2.77335245569832,0.023027863801431337
12,Failure,asc,0.75,0.5086349624894797,5.3452194665098345,0.023027863801431337
12,Failure,asc,0.8,0.4973094878663513,7.452841619817871,0.023027863801431337
12,Failure,asc,0.8500000000000001,0.48437721015945434,9.859482921377632,0.023027863801431337
12,Failure,asc,0.9,0.4718895747699876,12.183378198625046,0.023027863801431337
12,Failure,asc,0.9500000000000001,0.5019772923027529,6.584183275259062,0.023027863801431337
12,Residual,desc,0.0,0.5373579227829044,0.0,0.023027863801431337
12,Residual,desc,0.05,0.5386124897664128,-0.23346952381593636,0.023027863801431337
12,Residual,desc,0.1,0.543011586490096,-1.0521225178763522,0.023027863801431337
12,Residual,desc,0.15000000000000002,0.5447172895414809,-1.3695465250541656,0.023027863801431337
12,Residual,desc,0.2,0.5491242394122647,-2.1896609560391647,0.023027863801431337
12,Residual,desc,0.25,0.553231762068305,-2.9540532692236434,0.023027863801431337
12,Residual,desc,0.30000000000000004,0.5564224045355449,-3.5478181197939986,0.023027863801431337
12,Residual,desc,0.35000000000000003,0.5634167424570069,-4.849434347063757,0.023027863801431337
12,Residual,desc,0.4,0.5676923088391935,-5.645098875474177,0.023027863801431337
12,Residual,desc,0.45,0.5718791350093995,-6.424249231818218,0.023027863801431337
12,Residual,desc,0.5,0.5702161566411825,-6.114776104557975,0.023027863801431337
12,Residual,desc,0.55,0.5696236050326047,-6.004504796840187,0.023027863801431337
12,Residual,desc,0.6000000000000001,0.5707282237485694,-6.21006959250636,0.023027863801431337
12,Residual,desc,0.65,0.577999095574102,-7.563147590850145,0.023027863801431337
12,Residual,desc,0.7000000000000001,0.5733318405278156,-6.694591485430629,0.023027863801431337
12,Residual,desc,0.75,0.5751532459390342,-7.033547204513684,0.023027863801431337
12,Residual,desc,0.8,0.5764064585007445,-7.266764676253948,0.023027863801431337
12,Residual,desc,0.8500000000000001,0.5728199789638195,-6.599336248223888,0.023027863801431337
12,Residual,desc,0.9,0.5717849793852668,-6.406727274824451,0.023027863801431337
12,Residual,desc,0.9500000000000001,0.5645795274031679,-5.065823628185555,0.023027863801431337
12,Chaos,desc,0.0,0.5373579227829044,0.0,0.023027863801431337
12,Chaos,desc,0.05,0.5376476733768382,-0.05392134025552079,0.023027863801431337
12,Chaos,desc,0.1,0.536918354049021,0.08180185221926801,0.023027863801431337
12,Chaos,desc,0.15000000000000002,0.5370952498120426,0.0488823109746761,0.023027863801431337
12,Chaos,desc,0.2,0.5338838101049135,0.6465174385070853,0.023027863801431337
12,Chaos,desc,0.25,0.5345354457934937,0.5252508374294567,0.023027863801431337
12,Chaos,desc,0.30000000000000004,0.5291708778425697,1.5235738775256402,0.023027863801431337
12,Chaos,desc,0.35000000000000003,0.5313152607856205,1.124513427845213,0.023027863801431337
12,Chaos,desc,0.4,0.5274549596777357,1.8428988734143121,0.023027863801431337
12,Chaos,desc,0.45,0.5288437989733862,1.5844418493775456,0.023027863801431337
12,Chaos,desc,0.5,0.5284724159705219,1.6535546300993746,0.023027863801431337
12,Chaos,desc,0.55,0.5253700737323134,2.230887187539279,0.023027863801431337
12,Chaos,desc,0.6000000000000001,0.5270957119439544,1.9097533327141338,0.023027863801431337
12,Chaos,desc,0.65,0.525707284267374,2.1681337562109997,0.023027863801431337
12,Chaos,desc,0.7000000000000001,0.5344828893213817,0.5350313710149326,0.023027863801431337
12,Chaos,desc,0.75,0.5226468963067852,2.737658802894873,0.023027863801431337
12,Chaos,desc,0.8,0.5331234220634321,0.7880223850692253,0.023027863801431337
12,Chaos,desc,0.8500000000000001,0.5361219363550537,0.23001176226261152,0.023027863801431337
12,Chaos,desc,0.9,0.5472655631497803,-1.8437692917163149,0.023027863801431337
12,Chaos,desc,0.9500000000000001,0.6315154120913509,-17.522304094972213,0.023027863801431337
12,Failure,desc,0.0,0.5373579227829047,0.0,0.023027863801431337
12,Failure,desc,0.05,0.5404854988087486,-0.5820284568703492,0.023027863801431337
12,Failure,desc,0.1,0.5484304470506834,-2.0605491792947976,0.023027863801431337
12,Failure,desc,0.15000000000000002,0.5506007257233823,-2.4644287129693416,0.023027863801431337
12,Failure,desc,0.2,0.5505052791674353,-2.446666519113029,0.023027863801431337
12,Failure,desc,0.25,0.5496975703491044,-2.296355379352047,0.023027863801431337
12,Failure,desc,0.30000000000000004,0.5455366475831628,-1.5220255352152494,0.023027863801431337
12,Failure,desc,0.35000000000000003,0.5349543601655311,0.44729267318250254,0.023027863801431337
12,Failure,desc,0.4,0.5266549545699427,1.991776385752866,0.023027863801431337
12,Failure,desc,0.45,0.521095475586953,3.0263715312376296,0.023027863801431337
12,Failure,desc,0.5,0.5145495721822356,4.244536022200568,0.023027863801431337
12,Failure,desc,0.55,0.5140066002951365,4.345580756832412,0.023027863801431337
12,Failure,desc,0.6000000000000001,0.5162393737521531,3.9300712123832606,0.023027863801431337
12,Failure,desc,0.65,0.5183359953002935,3.5398989530291485,0.023027863801431337
12,Failure,desc,0.7000000000000001,0.5297306145738189,1.419409277448642,0.023027863801431337
12,Failure,desc,0.75,0.5361138755044246,0.2315118519212296,0.023027863801431337
12,Failure,desc,0.8,0.5456681182799572,-1.5464916668605322,0.023027863801431337
12,Failure,desc,0.8500000000000001,0.5566133739866943,-3.583356713913916,0.023027863801431337
12,Failure,desc,0.9,0.5807759786365161,-8.079913594416746,0.023027863801431337
12,Failure,desc,0.9500000000000001,0.6154080756983847,-14.524798017542706,0.023027863801431337
33,Residual,asc,0.0,0.4822420434937483,0.0,0.37499006845655186
33,Residual,asc,0.05,0.476941945758534,1.0990534331714674,0.37499006845655186
33,Residual,asc,0.1,0.47318000903952784,1.879146494272417,0.37499006845655186
33,Residual,asc,0.15000000000000002,0.46825009892582803,2.9014360644607784,0.37499006845655186
33,Residual,asc,0.2,0.457976378555272,5.031843503871275,0.37499006845655186
33,Residual,asc,0.25,0.4517447183257081,6.32407015926962,0.37499006845655186
33,Residual,asc,0.30000000000000004,0.4487840415331062,6.938010157356972,0.37499006845655186
33,Residual,asc,0.35000000000000003,0.4451163638386336,7.698557219554406,0.37499006845655186
33,Residual,asc,0.4,0.4346619541115152,9.86643326192066,0.37499006845655186
33,Residual,asc,0.45,0.42489753391016005,11.891229799902677,0.37499006845655186
33,Residual,asc,0.5,0.41056222330852105,14.86386787554256,0.37499006845655186
33,Residual,asc,0.55,0.39181482833766373,18.75141671616959,0.37499006845655186
33,Residual,asc,0.6000000000000001,0.37844559728328714,21.52372394959104,0.37499006845655186
33,Residual,asc,0.65,0.3430050692411529,28.872840128963244,0.37499006845655186
33,Residual,asc,0.7000000000000001,0.3282906326137048,31.924095577543582,0.37499006845655186
33,Residual,asc,0.75,0.3151374072608851,34.651610843016314,0.37499006845655186
33,Residual,asc,0.8,0.30018902678597914,37.75137799865624,0.37499006845655186
33,Residual,asc,0.8500000000000001,0.284244537860996,41.05770293239044,0.37499006845655186
33,Residual,asc,0.9,0.25140398818507115,47.867675252099765,0.37499006845655186
33,Residual,asc,0.9500000000000001,0.2060803408451317,57.2662019777205,0.37499006845655186
33,Chaos,asc,0.0,0.48224204349374844,0.0,0.37499006845655186
33,Chaos,asc,0.05,0.48449743319102717,-0.4676883170407288,0.37499006845655186
33,Chaos,asc,0.1,0.4802668579878754,0.40958384539913334,0.37499006845655186
33,Chaos,asc,0.15000000000000002,0.4764286554414495,1.2054917506118024,0.37499006845655186
33,Chaos,asc,0.2,0.4746328636282704,1.5778756680672297,0.37499006845655186
33,Chaos,asc,0.25,0.47801242670684474,0.8770734206957488,0.37499006845655186
33,Chaos,asc,0.30000000000000004,0.48105417761403363,0.24632150923817367,0.37499006845655186
33,Chaos,asc,0.35000000000000003,0.4832775813557465,-0.21473404817543318,0.37499006845655186
33,Chaos,asc,0.4,0.4840582760028549,-0.37662259722279834,0.37499006845655186
33,Chaos,asc,0.45,0.4824718052703333,-0.04764449298536234,0.37499006845655186
33,Chaos,asc,0.5,0.4837640095847179,-0.31560211547361067,0.37499006845655186
33,Chaos,asc,0.55,0.4838038334721789,-0.32386018587587745,0.37499006845655186
33,Chaos,asc,0.6000000000000001,0.4932013828394026,-2.2725806456558484,0.37499006845655186
33,Chaos,asc,0.65,0.48656528346240924,-0.8964875682219196,0.37499006845655186
33,Chaos,asc,0.7000000000000001,0.4790776246446645,0.6561889183610633,0.37499006845655186
33,Chaos,asc,0.75,0.46736410198425987,3.0851605973010603,0.37499006845655186
33,Chaos,asc,0.8,0.47298955186345015,1.9186405986640676,0.37499006845655186
33,Chaos,asc,0.8500000000000001,0.47488251957102323,1.5261058263205154,0.37499006845655186
33,Chaos,asc,0.9,0.47458475161898633,1.5878524027657437,0.37499006845655186
33,Chaos,asc,0.9500000000000001,0.4695045220690031,2.6413129250333496,0.37499006845655186
33,Failure,asc,0.0,0.4822420434937482,0.0,0.37499006845655186
33,Failure,asc,0.05,0.4712216487180112,2.2852413895512798,0.37499006845655186
33,Failure,asc,0.1,0.4609055085831569,4.424445192711189,0.37499006845655186
33,Failure,asc,0.15000000000000002,0.45399157305189597,5.858151694361441,0.37499006845655186
33,Failure,asc,0.2,0.4444024335281711,7.846601198733446,0.37499006845655186
33,Failure,asc,0.25,0.4363421139902449,9.518027331455256,0.37499006845655186
33,Failure,asc,0.30000000000000004,0.4288183866261659,11.078183163072739,0.37499006845655186
33,Failure,asc,0.35000000000000003,0.4149822639270507,13.947307264919031,0.37499006845655186
33,Failure,asc,0.4,0.4044800359189825,16.125099133081665,0.37499006845655186
33,Failure,asc,0.45,0.39501994135980356,18.086789260852864,0.37499006845655186
33,Failure,asc,0.5,0.3931053244262557,18.483813319492974,0.37499006845655186
33,Failure,asc,0.55,0.3826984758287864,20.641826860177588,0.37499006845655186
33,Failure,asc,0.6000000000000001,0.37136938144929865,22.99108166538095,0.37499006845655186
33,Failure,asc,0.65,0.3477415285164485,27.890665443201524,0.37499006845655186
33,Failure,asc,0.7000000000000001,0.3130665070953462,35.08104253473187,0.37499006845655186
33,Failure,asc,0.75,0.2528925595257586,47.55899803061507,0.37499006845655186
33,Failure,asc,0.8,0.243040954004681,49.601873730482446,0.37499006845655186
33,Failure,asc,0.8500000000000001,0.23082366623390327,52.135308534769905,0.37499006845655186
33,Failure,asc,0.9,0.21162650956456514,56.11612209682654,0.37499006845655186
33,Failure,asc,0.9500000000000001,0.16538478965837664,65.7050247091281,0.37499006845655186
33,Residual,desc,0.0,0.48224204349374866,0.0,0.37499006845655186
33,Residual,desc,0.05,0.4936370063636849,-2.362913608150376,0.37499006845655186
33,Residual,desc,0.1,0.5031501271568124,-4.335599507581045,0.37499006845655186
33,Residual,desc,0.15000000000000002,0.5118723724112832,-6.144285699950317,0.37499006845655186
33,Residual,desc,0.2,0.5230136394264154,-8.454591731008062,0.37499006845655186
33,Residual,desc,0.25,0.5328887139237356,-10.502334069228345,0.37499006845655186
33,Residual,desc,0.30000000000000004,0.5433838791460674,-12.678661364604013,0.37499006845655186
33,Residual,desc,0.35000000000000003,0.5519975515113141,-14.464833367120079,0.37499006845655186
33,Residual,desc,0.4,0.5507778553931444,-14.211911388494306,0.37499006845655186
33,Residual,desc,0.45,0.5577357063736464,-15.654724406225773,0.37499006845655186
33,Residual,desc,0.5,0.5581652526229108,-15.743797156115521,0.37499006845655186
33,Residual,desc,0.55,0.5578576460433595,-15.68001039515151,0.37499006845655186
33,Residual,desc,0.6000000000000001,0.560454654187171,-16.21853833539427,0.37499006845655186
33,Residual,desc,0.65,0.5601310683845445,-16.151438046858214,0.37499006845655186
33,Residual,desc,0.7000000000000001,0.5699278173048232,-18.18293842150477,0.37499006845655186
33,Residual,desc,0.75,0.5834421587177234,-20.98533642790659,0.37499006845655186
33,Residual,desc,0.8,0.5902734185569973,-22.401898905492068,0.37499006845655186
33,Residual,desc,0.8500000000000001,0.5741226401169652,-19.052796798379447,0.37499006845655186
33,Residual,desc,0.9,0.576299731669776,-19.504248840395146,0.37499006845655186
33,Residual,desc,0.9500000000000001,0.5913657974022732,-22.628419769861722,0.37499006845655186
33,Chaos,desc,0.0,0.48224204349374833,0.0,0.37499006845655186
33,Chaos,desc,0.05,0.4829039900699418,-0.13726438520328474,0.37499006845655186
33,Chaos,desc,0.1,0.4831041524436686,-0.17877100546324676,0.37499006845655186
33,Chaos,desc,0.15000000000000002,0.4839521140300768,-0.35460834645178724,0.37499006845655186
33,Chaos,desc,0.2,0.4846500567432613,-0.4993370615443175,0.37499006845655186
33,Chaos,desc,0.25,0.4877296570930806,-1.1379376131486953,0.37499006845655186
33,Chaos,desc,0.30000000000000004,0.4835860426925399,-0.27869805565988615,0.37499006845655186
33,Chaos,desc,0.35000000000000003,0.47985920707567264,0.4941162742287059,0.37499006845655186
33,Chaos,desc,0.4,0.47513978841084864,1.472757338087997,0.37499006845655186
33,Chaos,desc,0.45,0.4812322648762679,0.2093924889179654,0.37499006845655186
33,Chaos,desc,0.5,0.4807103460825291,0.31762004824846435,0.37499006845655186
33,Chaos,desc,0.55,0.48197138444843696,0.056125144823645175,0.37499006845655186
33,Chaos,desc,0.6000000000000001,0.4794524785873453,0.5784574248634946,0.37499006845655186
33,Chaos,desc,0.65,0.4802442617106093,0.414269516748373,0.37499006845655186
33,Chaos,desc,0.7000000000000001,0.4851378692150849,-0.6004921720132238,0.37499006845655186
33,Chaos,desc,0.75,0.4950131104548951,-2.6482690867479977,0.37499006845655186
33,Chaos,desc,0.8,0.5151277564623581,-6.819337594532253,0.37499006845655186
33,Chaos,desc,0.8500000000000001,0.5205406115980916,-7.941772937688661,0.37499006845655186
33,Chaos,desc,0.9,0.5064106493090423,-5.01171686321608,0.37499006845655186
33,Chaos,desc,0.9500000000000001,0.4415254881865954,8.443178245548543,0.37499006845655186
33,Failure,desc,0.0,0.48224204349374844,0.0,0.37499006845655186
33,Failure,desc,0.05,0.4965651315065127,-2.970103541573507,0.37499006845655186
33,Failure,desc,0.1,0.5086297695181391,-5.4718841669666105,0.37499006845655186
33,Failure,desc,0.15000000000000002,0.5217217978039405,-8.186709318036433,0.37499006845655186
33,Failure,desc,0.2,0.5341102702950207,-10.755641798773324,0.37499006845655186
33,Failure,desc,0.25,0.5476985588913776,-13.573373844264939,0.37499006845655186
33,Failure,desc,0.30000000000000004,0.5494576196569969,-13.938141037285941,0.37499006845655186
33,Failure,desc,0.35000000000000003,0.5522315019363125,-14.513346438129759,0.37499006845655186
33,Failure,desc,0.4,0.5535859546514457,-14.794212184575336,0.37499006845655186
33,Failure,desc,0.45,0.5612397782845032,-16.38134539627275,0.37499006845655186
33,Failure,desc,0.5,0.5690366369751794,-17.998139036700582,0.37499006845655186
33,Failure,desc,0.55,0.5859974200879493,-21.515207558949783,0.37499006845655186
33,Failure,desc,0.6000000000000001,0.5978440516064304,-23.971781322749923,0.37499006845655186
33,Failure,desc,0.65,0.6099415728413551,-26.480380769467704,0.37499006845655186
33,Failure,desc,0.7000000000000001,0.6128190744048267,-27.077073157096276,0.37499006845655186
33,Failure,desc,0.75,0.6268755077901944,-29.99188192895938,0.37499006845655186
33,Failure,desc,0.8,0.6423132440654111,-33.193124226991586,0.37499006845655186
33,Failure,desc,0.8500000000000001,0.6499427764227802,-34.77522028441839,0.37499006845655186
33,Failure,desc,0.9,0.6862059996734641,-42.29493444869241,0.37499006845655186
33,Failure,desc,0.9500000000000001,0.7408510081745078,-53.62638288590278,0.37499006845655186
123,Residual,asc,0.0,0.5426717116562946,0.0,0.06875553454239286
123,Residual,asc,0.05,0.5406928266662506,0.36465600611540483,0.06875553454239286
123,Residual,asc,0.1,0.5393598352833925,0.6102909552432488,0.06875553454239286
123,Residual,asc,0.15000000000000002,0.5366758243473793,1.1048829670179783,0.06875553454239286
123,Residual,asc,0.2,0.5352438282185638,1.3687618643433783,0.06875553454239286
123,Residual,asc,0.25,0.5313310575132422,2.0897817040139177,0.06875553454239286
123,Residual,asc,0.30000000000000004,0.5280853107651884,2.687886723740743,0.06875553454239286
123,Residual,asc,0.35000000000000003,0.5249691870622594,3.2621056550018297,0.06875553454239286
123,Residual,asc,0.4,0.5231343901394714,3.600210052813165,0.06875553454239286
123,Residual,asc,0.45,0.5185652430451309,4.44218264806693,0.06875553454239286
123,Residual,asc,0.5,0.517595071494831,4.620959527248417,0.06875553454239286
123,Residual,asc,0.55,0.5167112601532535,4.783822510999672,0.06875553454239286
123,Residual,asc,0.6000000000000001,0.5155504173624156,4.997735041522946,0.06875553454239286
123,Residual,asc,0.65,0.5152286750901647,5.05702360684523,0.06875553454239286
123,Residual,asc,0.7000000000000001,0.5178038618102346,4.58248501108718,0.06875553454239286
123,Residual,asc,0.75,0.5204685917863834,4.0914459687137175,0.06875553454239286
123,Residual,asc,0.8,0.5254928116696818,3.1656155310143026,0.06875553454239286
123,Residual,asc,0.8500000000000001,0.5251288201233589,3.232689516723248,0.06875553454239286
123,Residual,asc,0.9,0.5090372613071942,6.197936915938423,0.06875553454239286
123,Residual,asc,0.9500000000000001,0.5176560091820875,4.609730328094001,0.06875553454239286
123,Chaos,asc,0.0,0.5426717116562946,0.0,0.06875553454239286
123,Chaos,asc,0.05,0.5354622302476876,1.3285161643312597,0.06875553454239286
123,Chaos,asc,0.1,0.5318355296668291,1.9968208691756233,0.06875553454239286
123,Chaos,asc,0.15000000000000002,0.533577704684688,1.6757842312897862,0.06875553454239286
123,Chaos,asc,0.2,0.5393739013713192,0.6076989483955315,0.06875553454239286
123,Chaos,asc,0.25,0.5377488171854293,0.9071588522349955,0.06875553454239286
123,Chaos,asc,0.30000000000000004,0.5392061986746525,0.6386021064309714,0.06875553454239286
123,Chaos,asc,0.35000000000000003,0.5421527950876949,0.09562255733137665,0.06875553454239286
123,Chaos,asc,0.4,0.5407235788975094,0.3589891857158389,0.06875553454239286
123,Chaos,asc,0.45,0.538920287855167,0.6912878855759444,0.06875553454239286
123,Chaos,asc,0.5,0.5352504431372003,1.3675429103248748,0.06875553454239286
123,Chaos,asc,0.55,0.5351593010608638,1.384337977098901,0.06875553454239286
123,Chaos,asc,0.6000000000000001,0.5343592176092993,1.531772131925698,0.06875553454239286
123,Chaos,asc,0.65,0.5447093894568517,-0.3754899613871268,0.06875553454239286
123,Chaos,asc,0.7000000000000001,0.5446170338766596,-0.35847127804537493,0.06875553454239286
123,Chaos,asc,0.75,0.5397373438724494,0.5407261371500518,0.06875553454239286
123,Chaos,asc,0.8,0.538629074027406,0.7449508684633639,0.06875553454239286
123,Chaos,asc,0.8500000000000001,0.554185962697465,-2.121771007010418,0.06875553454239286
123,Chaos,asc,0.9,0.6135606282416582,-13.062946725010374,0.06875553454239286
123,Chaos,asc,0.9500000000000001,0.607743800583889,-11.991059701451388,0.06875553454239286
123,Failure,asc,0.0,0.5426717116562947,0.0,0.06875553454239286
123,Failure,asc,0.05,0.5373878250217887,0.9736801312858102,0.06875553454239286
123,Failure,asc,0.1,0.5349428991716912,1.4242151043794493,0.06875553454239286
123,Failure,asc,0.15000000000000002,0.5362837977966874,1.177123060295628,0.06875553454239286
123,Failure,asc,0.2,0.5365169382343774,1.1341614625778493,0.06875553454239286
123,Failure,asc,0.25,0.5366178589991677,1.1155644429391678,0.06875553454239286
123,Failure,asc,0.30000000000000004,0.5409910741946196,0.3096968988019726,0.06875553454239286
123,Failure,asc,0.35000000000000003,0.5476044049739305,-0.9089645197426385,0.06875553454239286
123,Failure,asc,0.4,0.553296671358472,-1.9578982051135108,0.06875553454239286
123,Failure,asc,0.45,0.5529878573703536,-1.9009919795842853,0.06875553454239286
123,Failure,asc,0.5,0.5530236259816734,-1.907583185750284,0.06875553454239286
123,Failure,asc,0.55,0.5519931848252492,-1.7177002170436173,0.06875553454239286
123,Failure,asc,0.6000000000000001,0.5425935681761859,0.014399770327130915,0.06875553454239286
123,Failure,asc,0.65,0.5331701438136567,1.7508868876983024,0.06875553454239286
123,Failure,asc,0.7000000000000001,0.5230491100602819,3.615924909025097,0.06875553454239286
123,Failure,asc,0.75,0.5037683415740075,7.168859044365836,0.06875553454239286
123,Failure,asc,0.8,0.4865229671985975,10.34672404174615,0.06875553454239286
123,Failure,asc,0.8500000000000001,0.4801653559185864,11.5182631405149,0.06875553454239286
123,Failure,asc,0.9,0.4925665353138011,9.233054767046355,0.06875553454239286
123,Failure,asc,0.9500000000000001,0.5248137487694317,3.2907488087703216,0.06875553454239286
123,Residual,desc,0.0,0.5426717116562947,0.0,0.06875553454239286
123,Residual,desc,0.05,0.5450076522609889,-0.43045188361941117,0.06875553454239286
123,Residual,desc,0.1,0.5486198256361604,-1.0960796098457781,0.06875553454239286
123,Residual,desc,0.15000000000000002,0.5475582721965812,-0.9004634727268421,0.06875553454239286
123,Residual,desc,0.2,0.5492919761636168,-1.2199391206732204,0.06875553454239286
123,Residual,desc,0.25,0.5541761330905638,-2.1199596712267033,0.06875553454239286
123,Residual,desc,0.30000000000000004,0.5590055207509659,-3.0098876989217995,0.06875553454239286
123,Residual,desc,0.35000000000000003,0.5654068505122156,-4.189482953981654,0.06875553454239286
123,Residual,desc,0.4,0.5700248108199795,-5.040450529510754,0.06875553454239286
123,Residual,desc,0.45,0.5745190232717613,-5.868614658071094,0.06875553454239286
123,Residual,desc,0.5,0.5794467895935191,-6.776671263180976,0.06875553454239286
123,Residual,desc,0.55,0.5844034165296799,-7.690046113886304,0.06875553454239286
123,Residual,desc,0.6000000000000001,0.5830021364792375,-7.431827374942733,0.06875553454239286
123,Residual,desc,0.65,0.5867079961584071,-8.114719001605728,0.06875553454239286
123,Residual,desc,0.7000000000000001,0.5874058929229979,-8.243322860918903,0.06875553454239286
123,Residual,desc,0.75,0.5870498497023218,-8.177713540766671,0.06875553454239286
123,Residual,desc,0.8,0.581236124764231,-7.106398266132843,0.06875553454239286
123,Residual,desc,0.8500000000000001,0.5862998850384489,-8.039514948917482,0.06875553454239286
123,Residual,desc,0.9,0.5800747491657772,-6.89238755330073,0.06875553454239286
123,Residual,desc,0.9500000000000001,0.5887955517421661,-8.499400115236583,0.06875553454239286
123,Chaos,desc,0.0,0.5426717116562945,0.0,0.06875553454239286
123,Chaos,desc,0.05,0.5396580045637771,0.5553462669574557,0.06875553454239286
123,Chaos,desc,0.1,0.5357341901041804,1.2784011775627542,0.06875553454239286
123,Chaos,desc,0.15000000000000002,0.5406570345111463,0.37125155077627264,0.06875553454239286
123,Chaos,desc,0.2,0.5437395568273046,-0.1967755363092217,0.06875553454239286
123,Chaos,desc,0.25,0.5436740765724961,-0.18470926246409983,0.06875553454239286
123,Chaos,desc,0.30000000000000004,0.5418083104343393,0.15910194016193802,0.06875553454239286
123,Chaos,desc,0.35000000000000003,0.5415346804390723,0.2095246891996359,0.06875553454239286
123,Chaos,desc,0.4,0.548260451508226,-1.0298564918510453,0.06875553454239286
123,Chaos,desc,0.45,0.5488768351466677,-1.1434396444647075,0.06875553454239286
123,Chaos,desc,0.5,0.5501200054170378,-1.372522945412112,0.06875553454239286
123,Chaos,desc,0.55,0.5472723205327026,-0.8477701670438188,0.06875553454239286
123,Chaos,desc,0.6000000000000001,0.5453944337876763,-0.5017254581175338,0.06875553454239286
123,Chaos,desc,0.65,0.5436066654820725,-0.17228718683795669,0.06875553454239286
123,Chaos,desc,0.7000000000000001,0.550317051425069,-1.4088332972876263,0.06875553454239286
123,Chaos,desc,0.75,0.5576120752474613,-2.7531126591373525,0.06875553454239286
123,Chaos,desc,0.8,0.5550596122723988,-2.282761446749276,0.06875553454239286
123,Chaos,desc,0.8500000000000001,0.5998318048158058,-10.533088777569104,0.06875553454239286
123,Chaos,desc,0.9,0.661950674849587,-21.97994858240167,0.06875553454239286
123,Chaos,desc,0.9500000000000001,0.7316386653235373,-34.82159648427125,0.06875553454239286
123,Failure,desc,0.0,0.5426717116562946,0.0,0.06875553454239286
123,Failure,desc,0.05,0.544258262586989,-0.29235924715000244,0.06875553454239286
123,Failure,desc,0.1,0.5515550608725387,-1.6369655954851867,0.06875553454239286
123,Failure,desc,0.15000000000000002,0.5590923556636135,-3.025889069692111,0.06875553454239286
123,Failure,desc,0.2,0.5625472204924743,-3.6625290040487744,0.06875553454239286
123,Failure,desc,0.25,0.5605975553080373,-3.303257432938801,0.06875553454239286
123,Failure,desc,0.30000000000000004,0.5541147129012896,-2.108641559750675,0.06875553454239286
123,Failure,desc,0.35000000000000003,0.5493502405207269,-1.2306756960020462,0.06875553454239286
123,Failure,desc,0.4,0.5427703681200684,-0.018179769030657024,0.06875553454239286
123,Failure,desc,0.45,0.5327128056892478,1.8351621713707993,0.06875553454239286
123,Failure,desc,0.5,0.5293315562243948,2.458236747072032,0.06875553454239286
123,Failure,desc,0.55,0.525698504672496,3.1277117673951422,0.06875553454239286
123,Failure,desc,0.6000000000000001,0.5208526246310251,4.020678903397265,0.06875553454239286
123,Failure,desc,0.65,0.5298491653455301,2.3628551176232633,0.06875553454239286
123,Failure,desc,0.7000000000000001,0.5483820500921549,-1.0522638849981214,0.06875553454239286
123,Failure,desc,0.75,0.5699714715626669,-5.030621519417409,0.06875553454239286
123,Failure,desc,0.8,0.5828379671127114,-7.401575315917047,0.06875553454239286
123,Failure,desc,0.8500000000000001,0.6122268645418647,-12.817169458360016,0.06875553454239286
123,Failure,desc,0.9,0.6987342865063557,-28.758192383704827,0.06875553454239286
123,Failure,desc,0.9500000000000001,0.8379112318476503,-54.40481120533291,0.06875553454239286
321,Residual,asc,0.0,0.5369761061298625,0.0,0.024787503772185793
321,Residual,asc,0.05,0.5373211362779216,-0.06425428322049896,0.024787503772185793
321,Residual,asc,0.1,0.5354553097587383,0.28321490542380534,0.024787503772185793
321,Residual,asc,0.15000000000000002,0.5359768286238702,0.18609347689496694,0.024787503772185793
321,Residual,asc,0.2,0.5336578528682459,0.6179517531109892,0.024787503772185793
321,Residual,asc,0.25,0.5293538790259485,1.419472303683947,0.024787503772185793
321,Residual,asc,0.30000000000000004,0.5266096514195058,1.930524392429793,0.024787503772185793
321,Residual,asc,0.35000000000000003,0.5256118563764668,2.116341793176052,0.024787503772185793
321,Residual,asc,0.4,0.5236385570919654,2.4838254227035423,0.024787503772185793
321,Residual,asc,0.45,0.5198074161684956,3.19729123239886,0.024787503772185793
321,Residual,asc,0.5,0.5143831502457068,4.207441565135819,0.024787503772185793
321,Residual,asc,0.55,0.506898506667302,5.601291960519101,0.024787503772185793
321,Residual,asc,0.6000000000000001,0.5035572485432781,6.2235278637337235,0.024787503772185793
321,Residual,asc,0.65,0.49735011498650056,7.379470090197783,0.024787503772185793
321,Residual,asc,0.7000000000000001,0.48906127234694946,8.923084888869386,0.024787503772185793
321,Residual,asc,0.75,0.48757292365045585,9.200257127913796,0.024787503772185793
321,Residual,asc,0.8,0.4823087223379662,10.180598944317925,0.024787503772185793
321,Residual,asc,0.8500000000000001,0.47873634189184205,10.845876301232607,0.024787503772185793
321,Residual,asc,0.9,0.464114920644355,13.568794710557697,0.024787503772185793
321,Residual,asc,0.9500000000000001,0.43347552066265743,19.27470967249601,0.024787503772185793
321,Chaos,asc,0.0,0.5369761061298627,0.0,0.024787503772185793
321,Chaos,asc,0.05,0.5344283318536515,0.47446697294852586,0.024787503772185793
321,Chaos,asc,0.1,0.5417631884887543,-0.8914888957338206,0.024787503772185793
321,Chaos,asc,0.15000000000000002,0.5379677184849946,-0.1846660109848699,0.024787503772185793
321,Chaos,asc,0.2,0.5374521003474099,-0.08864346329631048,0.024787503772185793
321,Chaos,asc,0.25,0.5375134016873221,-0.10005949079035283,0.024787503772185793
321,Chaos,asc,0.30000000000000004,0.5387228144372819,-0.3252860392631254,0.024787503772185793
321,Chaos,asc,0.35000000000000003,0.5356190845443977,0.25271545045932464,0.024787503772185793
321,Chaos,asc,0.4,0.5326691127475991,0.8020828735388804,0.024787503772185793
321,Chaos,asc,0.45,0.5343574813676439,0.4876613190653694,0.024787503772185793
321,Chaos,asc,0.5,0.5390203701255442,-0.38069924757268175,0.024787503772185793
321,Chaos,asc,0.55,0.5439841664511046,-1.3050972364023716,0.024787503772185793
321,Chaos,asc,0.6000000000000001,0.5509136255536191,-2.5955567230370895,0.024787503772185793
321,Chaos,asc,0.65,0.5544771855878826,-3.2591914720666284,0.024787503772185793
321,Chaos,asc,0.7000000000000001,0.5557942014713012,-3.5044567396240054,0.024787503772185793
321,Chaos,asc,0.75,0.5466887208840923,-1.8087610683892648,0.024787503772185793
321,Chaos,asc,0.8,0.5541224678077955,-3.1931330802615134,0.024787503772185793
321,Chaos,asc,0.8500000000000001,0.5566373731982257,-3.6614789455097516,0.024787503772185793
321,Chaos,asc,0.9,0.5643976041736886,-5.106651437707406,0.024787503772185793
321,Chaos,asc,0.9500000000000001,0.5722597548444297,-6.570804233519096,0.024787503772185793
321,Failure,asc,0.0,0.5369761061298626,0.0,0.024787503772185793
321,Failure,asc,0.05,0.5342505238033489,0.5075798150792389,0.024787503772185793
321,Failure,asc,0.1,0.5327253713206926,0.7916059505526549,0.024787503772185793
321,Failure,asc,0.15000000000000002,0.5317176120472535,0.9792789702522289,0.024787503772185793
321,Failure,asc,0.2,0.5325049468085619,0.8326551722246284,0.024787503772185793
321,Failure,asc,0.25,0.5307289356250463,1.1633982282454576,0.024787503772185793
321,Failure,asc,0.30000000000000004,0.5321348730741944,0.9015732730754665,0.024787503772185793
321,Failure,asc,0.35000000000000003,0.5328370242400714,0.7708130478323697,0.024787503772185793
321,Failure,asc,0.4,0.5380090773185664,-0.1923681848990893,0.024787503772185793
321,Failure,asc,0.45,0.542596639624153,-1.046700855052796,0.024787503772185793
321,Failure,asc,0.5,0.5480426301930029,-2.060896925730996,0.024787503772185793
321,Failure,asc,0.55,0.5521248357870454,-2.821118013306771,0.024787503772185793
321,Failure,asc,0.6000000000000001,0.5486491630174626,-2.1738503360477255,0.024787503772185793
321,Failure,asc,0.65,0.5419727547837816,-0.9305160130738909,0.024787503772185793
321,Failure,asc,0.7000000000000001,0.5243570141907683,2.3500285757672925,0.024787503772185793
321,Failure,asc,0.75,0.5076716190993658,5.45731675878513,0.024787503772185793
321,Failure,asc,0.8,0.4875279290746047,9.208636378934022,0.024787503772185793
321,Failure,asc,0.8500000000000001,0.4742279528142595,11.685464697460493,0.024787503772185793
321,Failure,asc,0.9,0.47177885435205535,12.141555468399162,0.024787503772185793
321,Failure,asc,0.9500000000000001,0.5070602036554337,5.571179449685607,0.024787503772185793
321,Residual,desc,0.0,0.5369761061298626,0.0,0.024787503772185793
321,Residual,desc,0.05,0.5450178873580726,-1.497605039853514,0.024787503772185793
321,Residual,desc,0.1,0.5490722652237222,-2.2526438245157774,0.024787503772185793
321,Residual,desc,0.15000000000000002,0.552640703608313,-2.917187059094592,0.024787503772185793
321,Residual,desc,0.2,0.5576852104355988,-3.85661560529994,0.024787503772185793
321,Residual,desc,0.25,0.5616467217390552,-4.594360033447417,0.024787503772185793
321,Residual,desc,0.30000000000000004,0.5673091754127978,-5.648867600749345,0.024787503772185793
321,Residual,desc,0.35000000000000003,0.5686647365248175,-5.901311070122617,0.024787503772185793
321,Residual,desc,0.4,0.5695543403038394,-6.066980225391656,0.024787503772185793
321,Residual,desc,0.45,0.5725637479641483,-6.627416271978258,0.024787503772185793
321,Residual,desc,0.5,0.5693813671065445,-6.034767768390246,0.024787503772185793
321,Residual,desc,0.55,0.5665766792922774,-5.51245629451829,0.024787503772185793
321,Residual,desc,0.6000000000000001,0.5649931836859936,-5.217565034328616,0.024787503772185793
321,Residual,desc,0.65,0.5661996372110804,-5.442240492196191,0.024787503772185793
321,Residual,desc,0.7000000000000001,0.5691506144476335,-5.991795156336027,0.024787503772185793
321,Residual,desc,0.75,0.5666916037912295,-5.533858457042879,0.024787503772185793
321,Residual,desc,0.8,0.5538614323809827,-3.1445209681334694,0.024787503772185793
321,Residual,desc,0.8500000000000001,0.5435408537587784,-1.2225399890192077,0.024787503772185793
321,Residual,desc,0.9,0.5529985191839492,-2.9838223472482985,0.024787503772185793
321,Residual,desc,0.9500000000000001,0.5296598556000819,1.3624908904254525,0.024787503772185793
321,Chaos,desc,0.0,0.5369761061298627,0.0,0.024787503772185793
321,Chaos,desc,0.05,0.5353994223851,0.2936227006684377,0.024787503772185793
321,Chaos,desc,0.1,0.5343162355641192,0.49534244361707147,0.024787503772185793
321,Chaos,desc,0.15000000000000002,0.5339744601928437,0.55899059618364,0.024787503772185793
321,Chaos,desc,0.2,0.5333189216506775,0.6810702445484074,0.024787503772185793
321,Chaos,desc,0.25,0.5341460617730155,0.527033572730846,0.024787503772185793
321,Chaos,desc,0.30000000000000004,0.5300170741224182,1.2959667903289431,0.024787503772185793
321,Chaos,desc,0.35000000000000003,0.5287790275186618,1.5265257648574972,0.024787503772185793
321,Chaos,desc,0.4,0.5286845958633093,1.544111585581085,0.024787503772185793
321,Chaos,desc,0.45,0.5317498172987842,0.9732814498480725,0.024787503772185793
321,Chaos,desc,0.5,0.5352136849876981,0.3282122094532084,0.024787503772185793
321,Chaos,desc,0.55,0.5396661299708405,-0.5009578285271545,0.024787503772185793
321,Chaos,desc,0.6000000000000001,0.5426657821656653,-1.0595771340385525,0.024787503772185793
321,Chaos,desc,0.65,0.5392031429511159,-0.4147366699989924,0.024787503772185793
321,Chaos,desc,0.7000000000000001,0.5334954418197071,0.6481972420042511,0.024787503772185793
321,Chaos,desc,0.75,0.5356875671867825,0.23996206318510002,0.024787503772185793
321,Chaos,desc,0.8,0.5354735551021778,0.2798171111400533,0.024787503772185793
321,Chaos,desc,0.8500000000000001,0.5317758879083082,0.9684263717121244,0.024787503772185793
321,Chaos,desc,0.9,0.4992693290584359,7.0220586430167415,0.024787503772185793
321,Chaos,desc,0.9500000000000001,0.5852591794128645,-8.991661403892158,0.024787503772185793
321,Failure,desc,0.0,0.5369761061298627,0.0,0.024787503772185793
321,Failure,desc,0.05,0.5396587120718767,-0.49957640784955304,0.024787503772185793
321,Failure,desc,0.1,0.5489744125843755,-2.2344209206975685,0.024787503772185793
321,Failure,desc,0.15000000000000002,0.553448158093256,-3.0675577135288186,0.024787503772185793
321,Failure,desc,0.2,0.5547465544252613,-3.3093554987902993,0.024787503772185793
321,Failure,desc,0.25,0.5508638203651691,-2.5862816011310232,0.024787503772185793
321,Failure,desc,0.30000000000000004,0.5449013746066704,-1.475907100211102,0.024787503772185793
321,Failure,desc,0.35000000000000003,0.5331273707810126,0.7167423847941805,0.024787503772185793
321,Failure,desc,0.4,0.5257532319361772,2.090013701833384,0.024787503772185793
321,Failure,desc,0.45,0.5191352515149219,3.322467128663289,0.024787503772185793
321,Failure,desc,0.5,0.5212733347332262,2.9242961125050284,0.024787503772185793
321,Failure,desc,0.55,0.5273648098951897,1.7898927205428645,0.024787503772185793
321,Failure,desc,0.6000000000000001,0.5347820822435405,0.4085887363099109,0.024787503772185793
321,Failure,desc,0.65,0.5476149156043634,-1.9812444823993323,0.024787503772185793
321,Failure,desc,0.7000000000000001,0.5530080716486113,-2.9856012838812336,0.024787503772185793
321,Failure,desc,0.75,0.563000870984913,-4.846540573773034,0.024787503772185793
321,Failure,desc,0.8,0.5633085069932136,-4.903831020179997,0.024787503772185793
321,Failure,desc,0.8500000000000001,0.582244372191656,-8.430219807740503,0.024787503772185793
321,Failure,desc,0.9,0.6014112844359638,-11.999636030456461,0.024787503772185793
321,Failure,desc,0.9500000000000001,0.6393498840036769,-19.06486651922945,0.024787503772185793
1234,Residual,asc,0.0,0.4904340569041739,0.0,0.09463132656285822
1234,Residual,asc,0.05,0.48988448943720303,0.1120573620926696,0.09463132656285822
1234,Residual,asc,0.1,0.48832083275918564,0.4308885394965896,0.09463132656285822
1234,Residual,asc,0.15000000000000002,0.48773102159185694,0.551151632776008,0.09463132656285822
1234,Residual,asc,0.2,0.4846078374472899,1.1879720371912068,0.09463132656285822
1234,Residual,asc,0.25,0.483251151008025,1.464601773679915,0.09463132656285822
1234,Residual,asc,0.30000000000000004,0.4797427769916816,2.179962782352465,0.09463132656285822
1234,Residual,asc,0.35000000000000003,0.4774482150898836,2.6478262737833496,0.09463132656285822
1234,Residual,asc,0.4,0.4714046019939422,3.8801250937493306,0.09463132656285822
1234,Residual,asc,0.45,0.4663893604147973,4.902737921823143,0.09463132656285822
1234,Residual,asc,0.5,0.460940004062595,6.013867190985427,0.09463132656285822
1234,Residual,asc,0.55,0.4546667563353527,7.2929887444194765,0.09463132656285822
1234,Residual,asc,0.6000000000000001,0.4443199414316702,9.402714763243688,0.09463132656285822
1234,Residual,asc,0.65,0.4366603502751786,10.964513143405577,0.09463132656285822
1234,Residual,asc,0.7000000000000001,0.41986109594134635,14.389898085037931,0.09463132656285822
1234,Residual,asc,0.75,0.40501128515390145,17.417789516800063,0.09463132656285822
1234,Residual,asc,0.8,0.39226745405809066,20.016269560428192,0.09463132656285822
1234,Residual,asc,0.8500000000000001,0.3627806436303474,26.028660015910916,0.09463132656285822
1234,Residual,asc,0.9,0.32604620860745387,33.518848453226376,0.09463132656285822
1234,Residual,asc,0.9500000000000001,0.30665022244523404,37.47370963979556,0.09463132656285822
1234,Chaos,asc,0.0,0.4904340569041736,0.0,0.09463132656285822
1234,Chaos,asc,0.05,0.4852063156769382,1.0659417211429105,0.09463132656285822
1234,Chaos,asc,0.1,0.480452013517999,2.0353487376438437,0.09463132656285822
1234,Chaos,asc,0.15000000000000002,0.4788605319362158,2.359853441054795,0.09463132656285822
1234,Chaos,asc,0.2,0.4840445624310182,1.3028243824437034,0.09463132656285822
1234,Chaos,asc,0.25,0.4955044507733113,-1.0338584357587592,0.09463132656285822
1234,Chaos,asc,0.30000000000000004,0.49581510854680944,-1.0972018698300285,0.09463132656285822
1234,Chaos,asc,0.35000000000000003,0.49122861396597844,-0.16201098814801873,0.09463132656285822
1234,Chaos,asc,0.4,0.4757032969330592,3.0036168499596374,0.09463132656285822
1234,Chaos,asc,0.45,0.45862885223915584,6.485113384210223,0.09463132656285822
1234,Chaos,asc,0.5,0.44311964082015876,9.647457271357409,0.09463132656285822
1234,Chaos,asc,0.55,0.43455020152104473,11.394774607597867,0.09463132656285822
1234,Chaos,asc,0.6000000000000001,0.43604051017449863,11.090899166552571,0.09463132656285822
1234,Chaos,asc,0.65,0.4469774328533845,8.860849575803446,0.09463132656285822
1234,Chaos,asc,0.7000000000000001,0.4478211721639977,8.68881027740332,0.09463132656285822
1234,Chaos,asc,0.75,0.4632000639998073,5.553038685012767,0.09463132656285822
1234,Chaos,asc,0.8,0.4915604910417368,-0.22968105940149733,0.09463132656285822
1234,Chaos,asc,0.8500000000000001,0.4712673787696508,3.9081050479061186,0.09463132656285822
1234,Chaos,asc,0.9,0.46885264493872425,4.400471717172395,0.09463132656285822
1234,Chaos,asc,0.9500000000000001,0.5667288677435299,-15.556589059283802,0.09463132656285822
1234,Failure,asc,0.0,0.4904340569041737,0.0,0.09463132656285822
1234,Failure,asc,0.05,0.4849977283986717,1.1084728780497746,0.09463132656285822
1234,Failure,asc,0.1,0.4844233708283495,1.225584967276977,0.09463132656285822
1234,Failure,asc,0.15000000000000002,0.48172295627912964,1.7762022238080648,0.09463132656285822
1234,Failure,asc,0.2,0.4783942151644469,2.4549359022347117,0.09463132656285822
1234,Failure,asc,0.25,0.4748774670988069,3.172004388024463,0.09463132656285822
1234,Failure,asc,0.30000000000000004,0.46946953686625886,4.274686829510109,0.09463132656285822
1234,Failure,asc,0.35000000000000003,0.46263019069041017,5.6692364289040675,0.09463132656285822
1234,Failure,asc,0.4,0.4578406431562192,6.6458300130496335,0.09463132656285822
1234,Failure,asc,0.45,0.449950075938848,8.254724645526785,0.09463132656285822
1234,Failure,asc,0.5,0.4413891175961734,10.00031270617555,0.09463132656285822
1234,Failure,asc,0.55,0.4283180498437806,12.665516634895935,0.09463132656285822
1234,Failure,asc,0.6000000000000001,0.4178663118912763,14.796636569445349,0.09463132656285822
1234,Failure,asc,0.65,0.40680387356990905,17.052278926584663,0.09463132656285822
1234,Failure,asc,0.7000000000000001,0.3997528947397063,18.48998063814839,0.09463132656285822
1234,Failure,asc,0.75,0.3905587665457544,20.36467267156653,0.09463132656285822
1234,Failure,asc,0.8,0.3876906047938916,20.94949375229812,0.09463132656285822
1234,Failure,asc,0.8500000000000001,0.38938919327412647,20.6031498440147,0.09463132656285822
1234,Failure,asc,0.9,0.3713872334941004,24.273767641983707,0.09463132656285822
1234,Failure,asc,0.9500000000000001,0.2572513133690871,47.54619713953682,0.09463132656285822
1234,Residual,desc,0.0,0.49043405690417374,0.0,0.09463132656285822
1234,Residual,desc,0.05,0.49976431003398836,-1.9024480454540822,0.09463132656285822
1234,Residual,desc,0.1,0.510096370755885,-4.009165671696628,0.09463132656285822
1234,Residual,desc,0.15000000000000002,0.5153008999774595,-5.070374441419459,0.09463132656285822
1234,Residual,desc,0.2,0.5184284931296692,-5.708093846950217,0.09463132656285822
1234,Residual,desc,0.25,0.5232258428760603,-6.686278310050926,0.09463132656285822
1234,Residual,desc,0.30000000000000004,0.5249974414559536,-7.04750905146321,0.09463132656285822
1234,Residual,desc,0.35000000000000003,0.523628381740798,-6.76835639151179,0.09463132656285822
1234,Residual,desc,0.4,0.525267420709384,-7.102558094169306,0.09463132656285822
1234,Residual,desc,0.45,0.5243721921985657,-6.9200200957950875,0.09463132656285822
1234,Residual,desc,0.5,0.5246253898792612,-6.971647358855453,0.09463132656285822
1234,Residual,desc,0.55,0.5249471990816729,-7.0372645805555605,0.09463132656285822
1234,Residual,desc,0.6000000000000001,0.5240244980979131,-6.849124917175682,0.09463132656285822
1234,Residual,desc,0.65,0.5193684315000042,-5.89974823087867,0.09463132656285822
1234,Residual,desc,0.7000000000000001,0.520313095479075,-6.092366171205632,0.09463132656285822
1234,Residual,desc,0.75,0.515559587494123,-5.123121087583557,0.09463132656285822
1234,Residual,desc,0.8,0.517631577675586,-5.545601980232458,0.09463132656285822
1234,Residual,desc,0.8500000000000001,0.5073068472225588,-3.440379003222823,0.09463132656285822
1234,Residual,desc,0.9,0.5121532868326752,-4.428572939163815,0.09463132656285822
1234,Residual,desc,0.9500000000000001,0.5039054701206062,-2.746834773561536,0.09463132656285822
1234,Chaos,desc,0.0,0.49043405690417374,0.0,0.09463132656285822
1234,Chaos,desc,0.05,0.4869305308089536,0.7143725126545811,0.09463132656285822
1234,Chaos,desc,0.1,0.4931289331352095,-0.5494879878544635,0.09463132656285822
1234,Chaos,desc,0.15000000000000002,0.4943454883433371,-0.7975448246506247,0.09463132656285822
1234,Chaos,desc,0.2,0.49015831528443543,0.05622399502165683,0.09463132656285822
1234,Chaos,desc,0.25,0.5005105408050601,-2.0546052540668454,0.09463132656285822
1234,Chaos,desc,0.30000000000000004,0.5114591006299891,-4.2870276706585795,0.09463132656285822
1234,Chaos,desc,0.35000000000000003,0.5167167059786352,-5.359058716347835,0.09463132656285822
1234,Chaos,desc,0.4,0.5302957513184562,-8.12783978867745,0.09463132656285822
1234,Chaos,desc,0.45,0.536169428586975,-9.325488521637793,0.09463132656285822
1234,Chaos,desc,0.5,0.533583708470756,-8.798257575944257,0.09463132656285822
1234,Chaos,desc,0.55,0.5232214699527266,-6.685386666562426,0.09463132656285822
1234,Chaos,desc,0.6000000000000001,0.508316535355972,-3.6462554343554316,0.09463132656285822
1234,Chaos,desc,0.65,0.48933416571675586,0.2242689250336436,0.09463132656285822
1234,Chaos,desc,0.7000000000000001,0.47974683071949514,2.1791362231531943,0.09463132656285822
1234,Chaos,desc,0.75,0.47707278584684615,2.7243766759734354,0.09463132656285822
1234,Chaos,desc,0.8,0.514088612310288,-4.823187760538448,0.09463132656285822
1234,Chaos,desc,0.8500000000000001,0.5609453140558078,-14.377316615557008,0.09463132656285822
1234,Chaos,desc,0.9,0.6208710850879865,-26.596241910112482,0.09463132656285822
1234,Chaos,desc,0.9500000000000001,0.5940459118967759,-21.126561977902558,0.09463132656285822
1234,Failure,desc,0.0,0.4904340569041737,0.0,0.09463132656285822
1234,Failure,desc,0.05,0.5036327852289493,-2.6912340484858492,0.09463132656285822
1234,Failure,desc,0.1,0.508146765021451,-3.611639091519732,0.09463132656285822
1234,Failure,desc,0.15000000000000002,0.5149916976994676,-5.007327784353334,0.09463132656285822
1234,Failure,desc,0.2,0.5251710411739903,-7.082906209469028,0.09463132656285822
1234,Failure,desc,0.25,0.5343063948789942,-8.945614065173453,0.09463132656285822
1234,Failure,desc,0.30000000000000004,0.5408522901485265,-10.28032872810954,0.09463132656285822
1234,Failure,desc,0.35000000000000003,0.5475486152242246,-11.645716180597665,0.09463132656285822
1234,Failure,desc,0.4,0.55142755387803,-12.436635693465693,0.09463132656285822
1234,Failure,desc,0.45,0.5537176112278409,-12.903580702192599,0.09463132656285822
1234,Failure,desc,0.5,0.5536565179444504,-12.891123719947892,0.09463132656285822
1234,Failure,desc,0.55,0.5549769328694933,-13.160357658018587,0.09463132656285822
1234,Failure,desc,0.6000000000000001,0.5550176651331319,-13.16866300775218,0.09463132656285822
1234,Failure,desc,0.65,0.5592315147809107,-14.02787121086483,0.09463132656285822
1234,Failure,desc,0.7000000000000001,0.5560739423152132,-13.384038993006756,0.09463132656285822
1234,Failure,desc,0.75,0.5534750862534596,-12.854129614739133,0.09463132656285822
1234,Failure,desc,0.8,0.5573537133137404,-13.644985593372482,0.09463132656285822
1234,Failure,desc,0.8500000000000001,0.5630597357810279,-14.808449342873544,0.09463132656285822
1234,Failure,desc,0.9,0.5683771350317385,-15.89267242564155,0.09463132656285822
1234,Failure,desc,0.9500000000000001,0.633016637669985,-29.072732359953257,0.09463132656285822
4321,Residual,asc,0.0,0.9612055225521203,0.0,0.0017300353278051277
4321,Residual,asc,0.05,0.9554248735570015,0.601395732701424,0.0017300353278051277
4321,Residual,asc,0.1,0.9515519180839662,1.004322617968589,0.0017300353278051277
4321,Residual,asc,0.15000000000000002,0.9466046473961927,1.5190169857909817,0.0017300353278051277
4321,Residual,asc,0.2,0.9414690715821076,2.0533018700943395,0.0017300353278051277
4321,Residual,asc,0.25,0.936734273182841,2.5458914659900356,0.0017300353278051277
4321,Residual,asc,0.30000000000000004,0.9315010010379194,3.0903402880303563,0.0017300353278051277
4321,Residual,asc,0.35000000000000003,0.9276838301319082,3.4874635687909707,0.0017300353278051277
4321,Residual,asc,0.4,0.925029607516536,3.7635983342597545,0.0017300353278051277
4321,Residual,asc,0.45,0.9225909196248737,4.0173097242221445,0.0017300353278051277
4321,Residual,asc,0.5,0.9188337493664437,4.40819077622175,0.0017300353278051277
4321,Residual,asc,0.55,0.9147201840316176,4.836149754641274,0.0017300353278051277
4321,Residual,asc,0.6000000000000001,0.9109065224869741,5.232907935401379,0.0017300353278051277
4321,Residual,asc,0.65,0.9047778855944348,5.870506945056151,0.0017300353278051277
4321,Residual,asc,0.7000000000000001,0.891543996021666,7.247308187066413,0.0017300353278051277
4321,Residual,asc,0.75,0.8674409162692065,9.754896750276375,0.0017300353278051277
4321,Residual,asc,0.8,0.8473782928643957,11.842132303349565,0.0017300353278051277
4321,Residual,asc,0.8500000000000001,0.830285828902038,13.620364279896593,0.0017300353278051277
4321,Residual,asc,0.9,0.8066148425642518,16.0829995626129,0.0017300353278051277
4321,Residual,asc,0.9500000000000001,0.7199248762871192,25.101878901441488,0.0017300353278051277
4321,Chaos,asc,0.0,0.9612055225521203,0.0,0.0017300353278051277
4321,Chaos,asc,0.05,0.960682314228007,0.05443251332182958,0.0017300353278051277
4321,Chaos,asc,0.1,0.9601971891164941,0.10490300065577847,0.0017300353278051277
4321,Chaos,asc,0.15000000000000002,0.9602514427091349,0.0992586726356144,0.0017300353278051277
4321,Chaos,asc,0.2,0.961276735040559,-0.007408664096060075,0.0017300353278051277
4321,Chaos,asc,0.25,0.9614656404707287,-0.027061633803113695,0.0017300353278051277
4321,Chaos,asc,0.30000000000000004,0.9611796301681985,0.0026937406532021465,0.0017300353278051277
4321,Chaos,asc,0.35000000000000003,0.9610067171712781,0.020682921204449353,0.0017300353278051277
4321,Chaos,asc,0.4,0.9605627077545387,0.06687589516494928,0.0017300353278051277
4321,Chaos,asc,0.45,0.9589457510068644,0.23509764480503012,0.0017300353278051277
4321,Chaos,asc,0.5,0.9559629551382852,0.5454158648522367,0.0017300353278051277
4321,Chaos,asc,0.55,0.9565395116507924,0.48543321816743823,0.0017300353278051277
4321,Chaos,asc,0.6000000000000001,0.9534076841416622,0.811256097421692,0.0017300353278051277
4321,Chaos,asc,0.65,0.9542265243222012,0.7260672214396967,0.0017300353278051277
4321,Chaos,asc,0.7000000000000001,0.9608543658436434,0.0365329474537972,0.0017300353278051277
4321,Chaos,asc,0.75,0.9679609777426825,-0.7028106926212433,0.0017300353278051277
4321,Chaos,asc,0.8,0.9700179267856385,-0.9168074908808382,0.0017300353278051277
4321,Chaos,asc,0.8500000000000001,0.9832231268452424,-2.2906239900351975,0.0017300353278051277
4321,Chaos,asc,0.9,0.9988411717246142,-3.9154632687259756,0.0017300353278051277
4321,Chaos,asc,0.9500000000000001,0.9849792831698345,-2.4733275100825365,0.0017300353278051277
4321,Failure,asc,0.0,0.9612055225521202,0.0,0.0017300353278051277
4321,Failure,asc,0.05,0.9612642534414392,-0.006110128161043107,0.0017300353278051277
4321,Failure,asc,0.1,0.9577191311345818,0.36271029823898304,0.0017300353278051277
4321,Failure,asc,0.15000000000000002,0.9533840945882642,0.8137102607451862,0.0017300353278051277
4321,Failure,asc,0.2,0.9501881560129439,1.1462030003660206,0.0017300353278051277
4321,Failure,asc,0.25,0.9493349183196926,1.2349704567769912,0.0017300353278051277
4321,Failure,asc,0.30000000000000004,0.9466730038746297,1.5119054496175655,0.0017300353278051277
4321,Failure,asc,0.35000000000000003,0.9403876444296659,2.165809250365127,0.0017300353278051277
4321,Failure,asc,0.4,0.9366594833659635,2.5536723011103737,0.0017300353278051277
4321,Failure,asc,0.45,0.9241331838608697,3.8568586864564423,0.0017300353278051277
4321,Failure,asc,0.5,0.9153261242352738,4.773110145583734,0.0017300353278051277
4321,Failure,asc,0.55,0.9037813687937898,5.974180590001414,0.0017300353278051277
4321,Failure,asc,0.6000000000000001,0.8982065231350722,6.554165362031819,0.0017300353278051277
4321,Failure,asc,0.65,0.8747861304043814,8.99072988243811,0.0017300353278051277
4321,Failure,asc,0.7000000000000001,0.8610829076273594,10.416358684553002,0.0017300353278051277
4321,Failure,asc,0.75,0.8433367667359799,12.26259660922298,0.0017300353278051277
4321,Failure,asc,0.8,0.8163608782216076,15.069060771304354,0.0017300353278051277
4321,Failure,asc,0.8500000000000001,0.7637313102211892,20.54443172638172,0.0017300353278051277
4321,Failure,asc,0.9,0.7167773956531527,25.429330269553642,0.0017300353278051277
4321,Failure,asc,0.9500000000000001,0.679073972226331,29.35184450217211,0.0017300353278051277
4321,Residual,desc,0.0,0.9612055225521201,0.0,0.0017300353278051277
4321,Residual,desc,0.05,0.9731416090354409,-1.2417829697470935,0.0017300353278051277
4321,Residual,desc,0.1,0.9788938698307982,-1.8402253070408203,0.0017300353278051277
4321,Residual,desc,0.15000000000000002,0.9846443603740231,-2.43848347434272,0.0017300353278051277
4321,Residual,desc,0.2,0.9888440800918875,-2.8754056121508333,0.0017300353278051277
4321,Residual,desc,0.25,0.9901640793236411,-3.012733082788837,0.0017300353278051277
4321,Residual,desc,0.30000000000000004,0.9901797669966439,-3.014365165900584,0.0017300353278051277
4321,Residual,desc,0.35000000000000003,0.992383947506773,-3.2436793404879998,0.0017300353278051277
4321,Residual,desc,0.4,0.9951541271719002,-3.5318778162699633,0.0017300353278051277
4321,Residual,desc,0.45,0.9983919186804341,-3.868724768619668,0.0017300353278051277
4321,Residual,desc,0.5,1.0034998841358593,-4.400137181010201,0.0017300353278051277
4321,Residual,desc,0.55,1.0093037024905402,-5.003943361739484,0.0017300353278051277
4321,Residual,desc,0.6000000000000001,1.0159278715741098,-5.69309556989384,0.0017300353278051277
4321,Residual,desc,0.65,1.022612732845424,-6.388561951897664,0.0017300353278051277
4321,Residual,desc,0.7000000000000001,1.0282171597926768,-6.9716242435470495,0.0017300353278051277
4321,Residual,desc,0.75,1.0327494428990347,-7.443144953740652,0.0017300353278051277
4321,Residual,desc,0.8,1.0385476884233982,-8.046371359365997,0.0017300353278051277
4321,Residual,desc,0.8500000000000001,1.042052307348897,-8.410977975045192,0.0017300353278051277
4321,Residual,desc,0.9,1.0444411334815764,-8.659501945895547,0.0017300353278051277
4321,Residual,desc,0.9500000000000001,1.0536259867179467,-9.615057549860802,0.0017300353278051277
4321,Chaos,desc,0.0,0.9612055225521202,0.0,0.0017300353278051277
4321,Chaos,desc,0.05,0.9602142148597013,0.10313171004125185,0.0017300353278051277
4321,Chaos,desc,0.1,0.9589764005738758,0.23190898574176255,0.0017300353278051277
4321,Chaos,desc,0.15000000000000002,0.9586021368361142,0.2708458966292383,0.0017300353278051277
4321,Chaos,desc,0.2,0.959139187025557,0.21497333068549526,0.0017300353278051277
4321,Chaos,desc,0.25,0.9590054078436171,0.2288911847553208,0.0017300353278051277
4321,Chaos,desc,0.30000000000000004,0.9612301069741949,-0.0025576655041860846,0.0017300353278051277
4321,Chaos,desc,0.35000000000000003,0.9655373359312338,-0.4506646370083359,0.0017300353278051277
4321,Chaos,desc,0.4,0.9673979323732705,-0.6442336915323484,0.0017300353278051277
4321,Chaos,desc,0.45,0.96512080574874,-0.407330493298068,0.0017300353278051277
4321,Chaos,desc,0.5,0.9664680961963728,-0.5474972335031686,0.0017300353278051277
4321,Chaos,desc,0.55,0.9638523412795496,-0.2753644944113202,0.0017300353278051277
4321,Chaos,desc,0.6000000000000001,0.9620115557406395,-0.08385648746369259,0.0017300353278051277
4321,Chaos,desc,0.65,0.9615069996625477,-0.03136447964084057,0.0017300353278051277
4321,Chaos,desc,0.7000000000000001,0.9612557452769085,-0.005224972558930585,0.0017300353278051277
4321,Chaos,desc,0.75,0.960403984292478,0.0833888529389697,0.0017300353278051277
4321,Chaos,desc,0.8,0.960888320022874,0.033000489677166144,0.0017300353278051277
4321,Chaos,desc,0.8500000000000001,0.9696064460642355,-0.8739986730215409,0.0017300353278051277
4321,Chaos,desc,0.9,0.9786782059192835,-1.8177884913489766,0.0017300353278051277
4321,Chaos,desc,0.9500000000000001,0.9737137168197071,-1.301302788437592,0.0017300353278051277
4321,Failure,desc,0.0,0.9612055225521202,0.0,0.0017300353278051277
4321,Failure,desc,0.05,0.9774909292304559,-1.694268946259889,0.0017300353278051277
4321,Failure,desc,0.1,0.9874793997678002,-2.7334296983562436,0.0017300353278051277
4321,Failure,desc,0.15000000000000002,0.9930427788660627,-3.3122215350376516,0.0017300353278051277
4321,Failure,desc,0.2,0.9958607734485004,-3.605394484664031,0.0017300353278051277
4321,Failure,desc,0.25,0.9991995265198066,-3.952745076495978,0.0017300353278051277
4321,Failure,desc,0.30000000000000004,1.0023292116770899,-4.278345073983882,0.0017300353278051277
4321,Failure,desc,0.35000000000000003,1.0052662287678993,-4.583900652047069,0.0017300353278051277
4321,Failure,desc,0.4,1.0032299722777454,-4.372056624689899,0.0017300353278051277
4321,Failure,desc,0.45,1.0048183646294533,-4.537306648169847,0.0017300353278051277
4321,Failure,desc,0.5,1.0030916219197532,-4.357663203642462,0.0017300353278051277
4321,Failure,desc,0.55,1.0022643082527622,-4.271592779827757,0.0017300353278051277
4321,Failure,desc,0.6000000000000001,0.9977306706411699,-3.7999311522962236,0.0017300353278051277
4321,Failure,desc,0.65,0.9970667188995219,-3.7308562535289815,0.0017300353278051277
4321,Failure,desc,0.7000000000000001,0.9929317959474427,-3.3006753135464013,0.0017300353278051277
4321,Failure,desc,0.75,0.9955966588555645,-3.577917052758032,0.0017300353278051277
4321,Failure,desc,0.8,1.0061216632164467,-4.672896650142889,0.0017300353278051277
4321,Failure,desc,0.8500000000000001,1.0062941085763506,-4.690837179598654,0.0017300353278051277
4321,Failure,desc,0.9,0.9942260499917833,-3.435324357270597,0.0017300353278051277
4321,Failure,desc,0.9500000000000001,0.9594873507828169,0.1787517579738175,0.0017300353278051277
12345,Residual,asc,0.0,0.47054507029410386,0.0,0.43369163915627423
12345,Residual,asc,0.05,0.4704953469443411,0.010567181105881595,0.43369163915627423
12345,Residual,asc,0.1,0.4696207044240301,0.1964457665013935,0.43369163915627423
12345,Residual,asc,0.15000000000000002,0.4714942187996016,-0.2017125596288834,0.43369163915627423
12345,Residual,asc,0.2,0.47159667229683494,-0.22348592496650688,0.43369163915627423
12345,Residual,asc,0.25,0.4717851602307223,-0.2635432852039781,0.43369163915627423
12345,Residual,asc,0.30000000000000004,0.4723365220202113,-0.38071841343226565,0.43369163915627423
12345,Residual,asc,0.35000000000000003,0.47491846263216336,-0.9294311244884593,0.43369163915627423
12345,Residual,asc,0.4,0.4751356739975276,-0.9755927738344976,0.43369163915627423
12345,Residual,asc,0.45,0.47934996287110376,-1.8712113106395094,0.43369163915627423
12345,Residual,asc,0.5,0.4834684545571994,-2.746471077684025,0.43369163915627423
12345,Residual,asc,0.55,0.4871613447948289,-3.5312822404747375,0.43369163915627423
12345,Residual,asc,0.6000000000000001,0.4890117293071419,-3.9245250197809596,0.43369163915627423
12345,Residual,asc,0.65,0.491162068602773,-4.381514037705876,0.43369163915627423
12345,Residual,asc,0.7000000000000001,0.4964250015654505,-5.499989885171032,0.43369163915627423
12345,Residual,asc,0.75,0.5015366808511497,-6.586321377817257,0.43369163915627423
12345,Residual,asc,0.8,0.5037461365268256,-7.055873778885877,0.43369163915627423
12345,Residual,asc,0.8500000000000001,0.5053519176321875,-7.397133566042534,0.43369163915627423
12345,Residual,asc,0.9,0.4880448168577554,-3.7190372757945847,0.43369163915627423
12345,Residual,asc,0.9500000000000001,0.42061942581220774,10.610172677123405,0.43369163915627423
12345,Chaos,asc,0.0,0.47054507029410364,0.0,0.43369163915627423
12345,Chaos,asc,0.05,0.4690359822523992,0.3207106262448448,0.43369163915627423
12345,Chaos,asc,0.1,0.46737980224620423,0.6726811622786795,0.43369163915627423
12345,Chaos,asc,0.15000000000000002,0.468985098815574,0.331524348465627,0.43369163915627423
12345,Chaos,asc,0.2,0.4683783340481323,0.46047368950589307,0.43369163915627423
12345,Chaos,asc,0.25,0.46805088604877887,0.5300627724706237,0.43369163915627423
12345,Chaos,asc,0.30000000000000004,0.4706963272299257,-0.0321450473867541,0.43369163915627423
12345,Chaos,asc,0.35000000000000003,0.4720657134498318,-0.32316631322429895,0.43369163915627423
12345,Chaos,asc,0.4,0.4723874033345954,-0.39153168459298526,0.43369163915627423
12345,Chaos,asc,0.45,0.4730217311346997,-0.5263387073735732,0.43369163915627423
12345,Chaos,asc,0.5,0.4728012282731633,-0.47947755092822175,0.43369163915627423
12345,Chaos,asc,0.55,0.46920670967493205,0.2844277208844359,0.43369163915627423
12345,Chaos,asc,0.6000000000000001,0.46413730700269445,1.3617746090516167,0.43369163915627423
12345,Chaos,asc,0.65,0.4588272902554151,2.490256678571646,0.43369163915627423
12345,Chaos,asc,0.7000000000000001,0.4642985220169656,1.3275132758768013,0.43369163915627423
12345,Chaos,asc,0.75,0.46530153722128653,1.1143529926983946,0.43369163915627423
12345,Chaos,asc,0.8,0.46725756021507026,0.698659976817651,0.43369163915627423
12345,Chaos,asc,0.8500000000000001,0.46648554073311393,0.8627291660823027,0.43369163915627423
12345,Chaos,asc,0.9,0.465831274082121,1.0017735833543837,0.43369163915627423
12345,Chaos,asc,0.9500000000000001,0.4803751098137265,-2.089075019631767,0.43369163915627423
12345,Failure,asc,0.0,0.47054507029410353,0.0,0.43369163915627423
12345,Failure,asc,0.05,0.4626469103326677,1.6785129544549835,0.43369163915627423
12345,Failure,asc,0.1,0.4586042674758358,2.537653366723059,0.43369163915627423
12345,Failure,asc,0.15000000000000002,0.4555603141108557,3.1845527940356417,0.43369163915627423
12345,Failure,asc,0.2,0.4532708794475228,3.6711022890504146,0.43369163915627423
12345,Failure,asc,0.25,0.44948300411283654,4.476099636556095,0.43369163915627423
12345,Failure,asc,0.30000000000000004,0.44712178339439734,4.977905067641234,0.43369163915627423
12345,Failure,asc,0.35000000000000003,0.44488463666876676,5.453342356620226,0.43369163915627423
12345,Failure,asc,0.4,0.4433836304718511,5.772335433304146,0.43369163915627423
12345,Failure,asc,0.45,0.44382501834121774,5.678531906876642,0.43369163915627423
12345,Failure,asc,0.5,0.4431905425182001,5.8133703874117915,0.43369163915627423
12345,Failure,asc,0.55,0.4427655686584817,5.90368561682282,0.43369163915627423
12345,Failure,asc,0.6000000000000001,0.44408740026089527,5.622770634207578,0.43369163915627423
12345,Failure,asc,0.65,0.4458735589641943,5.243177091301558,0.43369163915627423
12345,Failure,asc,0.7000000000000001,0.44115639119882744,6.245667195473404,0.43369163915627423
12345,Failure,asc,0.75,0.43613039599325604,7.313789150811288,0.43369163915627423
12345,Failure,asc,0.8,0.41219988938016355,12.399488295026158,0.43369163915627423
12345,Failure,asc,0.8500000000000001,0.31143336921528625,33.81433812054775,0.43369163915627423
12345,Failure,asc,0.9,0.2131093492319045,54.710109044664875,0.43369163915627423
12345,Failure,asc,0.9500000000000001,0.18953194362055414,59.72076734284104,0.43369163915627423
12345,Residual,desc,0.0,0.47054507029410353,0.0,0.43369163915627423
12345,Residual,desc,0.05,0.4737813934033788,-0.6877817479317138,0.43369163915627423
12345,Residual,desc,0.1,0.4679880314978626,0.5434205897944481,0.43369163915627423
12345,Residual,desc,0.15000000000000002,0.4630340435954019,1.596239589548145,0.43369163915627423
12345,Residual,desc,0.2,0.46058444256491043,2.1168275597845345,0.43369163915627423
12345,Residual,desc,0.25,0.45838725282297405,2.5837732108277143,0.43369163915627423
12345,Residual,desc,0.30000000000000004,0.45767769775496336,2.734567494479903,0.43369163915627423
12345,Residual,desc,0.35000000000000003,0.45832957492330084,2.5960308888514483,0.43369163915627423
12345,Residual,desc,0.4,0.4570492608779413,2.868122581270906,0.43369163915627423
12345,Residual,desc,0.45,0.455940998720485,3.103649893620306,0.43369163915627423
12345,Residual,desc,0.5,0.4565001103132962,2.984827781115391,0.43369163915627423
12345,Residual,desc,0.55,0.4589293231226553,2.4685727053070803,0.43369163915627423
12345,Residual,desc,0.6000000000000001,0.4630909042461867,1.584155592844223,0.43369163915627423
12345,Residual,desc,0.65,0.46191391835860685,1.8342880375097708,0.43369163915627423
12345,Residual,desc,0.7000000000000001,0.46611256090418335,0.9419946504061218,0.43369163915627423
12345,Residual,desc,0.75,0.4664795850502843,0.8639948647805795,0.43369163915627423
12345,Residual,desc,0.8,0.4658207031705464,1.004020108127848,0.43369163915627423
12345,Residual,desc,0.8500000000000001,0.4674792857802646,0.651538972010212,0.43369163915627423
12345,Residual,desc,0.9,0.47963527345330736,-1.9318453710549366,0.43369163915627423
12345,Residual,desc,0.9500000000000001,0.4716518279843575,-0.235207583741601,0.43369163915627423
12345,Chaos,desc,0.0,0.47054507029410386,0.0,0.43369163915627423
12345,Chaos,desc,0.05,0.47009786213512034,0.09504045142880949,0.43369163915627423
12345,Chaos,desc,0.1,0.4710312573429617,-0.10332422536144156,0.43369163915627423
12345,Chaos,desc,0.15000000000000002,0.4711460475781334,-0.1277193879969664,0.43369163915627423
12345,Chaos,desc,0.2,0.4713195045206473,-0.16458236956119807,0.43369163915627423
12345,Chaos,desc,0.25,0.472225585921408,-0.35714232990556616,0.43369163915627423
12345,Chaos,desc,0.30000000000000004,0.47310229087770983,-0.5434592231531898,0.43369163915627423
12345,Chaos,desc,0.35000000000000003,0.4767503123912295,-1.31873490742283,0.43369163915627423
12345,Chaos,desc,0.4,0.47469509109862634,-0.881960319322568,0.43369163915627423
12345,Chaos,desc,0.45,0.4714862206576167,-0.20001279854543738,0.43369163915627423
12345,Chaos,desc,0.5,0.4683096426333155,0.4750719541894628,0.43369163915627423
12345,Chaos,desc,0.55,0.46762714285609874,0.6201164611460774,0.43369163915627423
12345,Chaos,desc,0.6000000000000001,0.4677256147995685,0.599189253597566,0.43369163915627423
12345,Chaos,desc,0.65,0.46772975993693783,0.598308331103413,0.43369163915627423
12345,Chaos,desc,0.7000000000000001,0.47033316690238924,0.045033601474599005,0.43369163915627423
12345,Chaos,desc,0.75,0.4776798863235284,-1.516287488670342,0.43369163915627423
12345,Chaos,desc,0.8,0.47936971826309954,-1.8754097165400176,0.43369163915627423
12345,Chaos,desc,0.8500000000000001,0.47908522470840437,-1.8149492903969153,0.43369163915627423
12345,Chaos,desc,0.9,0.4964634358698401,-5.508157924072296,0.43369163915627423
12345,Chaos,desc,0.9500000000000001,0.49580025930717947,-5.367219976885616,0.43369163915627423
12345,Failure,desc,0.0,0.4705450702941034,0.0,0.43369163915627423
12345,Failure,desc,0.05,0.4850432468125934,-3.0811451301419965,0.43369163915627423
12345,Failure,desc,0.1,0.4953488643897075,-5.2712897576636015,0.43369163915627423
12345,Failure,desc,0.15000000000000002,0.49427771163035017,-5.04364891580167,0.43369163915627423
12345,Failure,desc,0.2,0.48318427537903774,-2.6860774626826878,0.43369163915627423
12345,Failure,desc,0.25,0.480853033961906,-2.1906432175263912,0.43369163915627423
12345,Failure,desc,0.30000000000000004,0.48243326398607106,-2.526472901849168,0.43369163915627423
12345,Failure,desc,0.35000000000000003,0.48319806938833915,-2.6890089585525274,0.43369163915627423
12345,Failure,desc,0.4,0.48769958428259935,-3.645668623788556,0.43369163915627423
12345,Failure,desc,0.45,0.4928773146056421,-4.7460372494350915,0.43369163915627423
12345,Failure,desc,0.5,0.4979865889996449,-5.831857655716117,0.43369163915627423
12345,Failure,desc,0.55,0.5035792776195894,-7.020413008436946,0.43369163915627423
12345,Failure,desc,0.6000000000000001,0.5119668855885088,-8.802943205528772,0.43369163915627423
12345,Failure,desc,0.65,0.5193778725753689,-10.377922406188146,0.43369163915627423
12345,Failure,desc,0.7000000000000001,0.5270691277940541,-12.012464069514454,0.43369163915627423
12345,Failure,desc,0.75,0.5365459651974833,-14.026476754315492,0.43369163915627423
12345,Failure,desc,0.8,0.5429165245584211,-15.380344802907734,0.43369163915627423
12345,Failure,desc,0.8500000000000001,0.5600114924215965,-19.01335871430428,0.43369163915627423
12345,Failure,desc,0.9,0.5900927221039811,-25.406206409761595,0.43369163915627423
12345,Failure,desc,0.9500000000000001,0.6557678759466976,-39.36345683885816,0.43369163915627423
54321,Residual,asc,0.0,0.5362969379644955,0.0,0.018819749630522395
54321,Residual,asc,0.05,0.5343193144879113,0.36875531754670965,0.018819749630522395
54321,Residual,asc,0.1,0.5327900359299454,0.6539105085813918,0.018819749630522395
54321,Residual,asc,0.15000000000000002,0.5317102873339657,0.8552446053371677,0.018819749630522395
54321,Residual,asc,0.2,0.531341403212188,0.9240281645306633,0.018819749630522395
54321,Residual,asc,0.25,0.5296828806741914,1.2332826876482996,0.018819749630522395
54321,Residual,asc,0.30000000000000004,0.5256021086846865,1.9941992062086054,0.018819749630522395
54321,Residual,asc,0.35000000000000003,0.5213666484269811,2.7839594971737167,0.018819749630522395
54321,Residual,asc,0.4,0.5176099675283126,3.484444738228224,0.018819749630522395
54321,Residual,asc,0.45,0.5100669831452194,4.890938762177428,0.018819749630522395
54321,Residual,asc,0.5,0.5019326327321812,6.4077011818757175,0.018819749630522395
54321,Residual,asc,0.55,0.4955922726220895,7.589949235380641,0.018819749630522395
54321,Residual,asc,0.6000000000000001,0.49064280119796505,8.51284680830173,0.018819749630522395
54321,Residual,asc,0.65,0.48012133272814783,10.474720487788181,0.018819749630522395
54321,Residual,asc,0.7000000000000001,0.469548380233669,12.446194077514098,0.018819749630522395
54321,Residual,asc,0.75,0.4495769746939284,16.17013954987531,0.018819749630522395
54321,Residual,asc,0.8,0.4322988687643849,19.391881966515275,0.018819749630522395
54321,Residual,asc,0.8500000000000001,0.429548932647448,19.904645684200155,0.018819749630522395
54321,Residual,asc,0.9,0.4092211747359417,23.695037997208665,0.018819749630522395
54321,Residual,asc,0.9500000000000001,0.4188513447657259,21.899359269984288,0.018819749630522395
54321,Chaos,asc,0.0,0.5362969379644955,0.0,0.018819749630522395
54321,Chaos,asc,0.05,0.5343478604934894,0.36343251900781487,0.018819749630522395
54321,Chaos,asc,0.1,0.5319238938192113,0.8154147144456894,0.018819749630522395
54321,Chaos,asc,0.15000000000000002,0.5309996192046778,0.9877585316678533,0.018819749630522395
54321,Chaos,asc,0.2,0.5302307574496044,1.1311234663981544,0.018819749630522395
54321,Chaos,asc,0.25,0.5311702197607071,0.9559476925687406,0.018819749630522395
54321,Chaos,asc,0.30000000000000004,0.5329329863660667,0.6272554177162842,0.018819749630522395
54321,Chaos,asc,0.35000000000000003,0.5346585034025435,0.30550884145836316,0.018819749630522395
54321,Chaos,asc,0.4,0.5368409874491568,-0.1014455698229745,0.018819749630522395
54321,Chaos,asc,0.45,0.5414817329650752,-0.9667769165825288,0.018819749630522395
54321,Chaos,asc,0.5,0.5369279853006658,-0.11766752548791007,0.018819749630522395
54321,Chaos,asc,0.55,0.5328486709824445,0.642977190050508,0.018819749630522395
54321,Chaos,asc,0.6000000000000001,0.5348504866089994,0.269710910710422,0.018819749630522395
54321,Chaos,asc,0.65,0.5297112588510201,1.227991183106736,0.018819749630522395
54321,Chaos,asc,0.7000000000000001,0.5201120730842325,3.0178924648893926,0.018819749630522395
54321,Chaos,asc,0.75,0.5139519474284014,4.166533305393098,0.018819749630522395
54321,Chaos,asc,0.8,0.5297701821798861,1.2170041114501877,0.018819749630522395
54321,Chaos,asc,0.8500000000000001,0.5367445564524516,-0.08346467344284578,0.018819749630522395
54321,Chaos,asc,0.9,0.5659741952318456,-5.533736101494349,0.018819749630522395
54321,Chaos,asc,0.9500000000000001,0.570027368652105,-6.289506484156463,0.018819749630522395
54321,Failure,asc,0.0,0.5362969379644957,0.0,0.018819749630522395
54321,Failure,asc,0.05,0.5274088348162739,1.6573100681791093,0.018819749630522395
54321,Failure,asc,0.1,0.5190371982913183,3.2183177734869033,0.018819749630522395
54321,Failure,asc,0.15000000000000002,0.5116287083369271,4.599733446399381,0.018819749630522395
54321,Failure,asc,0.2,0.5053097240587013,5.777995679670622,0.018819749630522395
54321,Failure,asc,0.25,0.4998446635973405,6.797031977379758,0.018819749630522395
54321,Failure,asc,0.30000000000000004,0.4954440024922506,7.617596256898578,0.018819749630522395
54321,Failure,asc,0.35000000000000003,0.4917672118162393,8.303184858236957,0.018819749630522395
54321,Failure,asc,0.4,0.48533339508386275,9.502859194770734,0.018819749630522395
54321,Failure,asc,0.45,0.47770727217486847,10.924855549614579,0.018819749630522395
54321,Failure,asc,0.5,0.4693918470654503,12.475381857107442,0.018819749630522395
54321,Failure,asc,0.55,0.46020693175664285,14.188036668016599,0.018819749630522395
54321,Failure,asc,0.6000000000000001,0.45508404818225684,15.143269340764986,0.018819749630522395
54321,Failure,asc,0.65,0.44931488195833397,16.219010374420638,0.018819749630522395
54321,Failure,asc,0.7000000000000001,0.44263413540154184,17.464728200472145,0.018819749630522395
54321,Failure,asc,0.75,0.44014695961019096,17.928496612201457,0.018819749630522395
54321,Failure,asc,0.8,0.43574572317723365,18.749168169578255,0.018819749630522395
54321,Failure,asc,0.8500000000000001,0.4300572166903044,19.80986907690021,0.018819749630522395
54321,Failure,asc,0.9,0.4294826173508304,19.917011090735848,0.018819749630522395
54321,Failure,asc,0.9500000000000001,0.4588405292196733,14.442821366612069,0.018819749630522395
54321,Residual,desc,0.0,0.5362969379644955,0.0,0.018819749630522395
54321,Residual,desc,0.05,0.5454466758954744,-1.7060955010682124,0.018819749630522395
54321,Residual,desc,0.1,0.554727173606041,-3.4365729760637906,0.018819749630522395
54321,Residual,desc,0.15000000000000002,0.5598087949707048,-4.384111737696671,0.018819749630522395
54321,Residual,desc,0.2,0.5682259588609047,-5.953608651504727,0.018819749630522395
54321,Residual,desc,0.25,0.5720914344755331,-6.674380175821051,0.018819749630522395
54321,Residual,desc,0.30000000000000004,0.5715777940242199,-6.578604791896112,0.018819749630522395
54321,Residual,desc,0.35000000000000003,0.573933858394316,-7.017925661233619,0.018819749630522395
54321,Residual,desc,0.4,0.5742645467313965,-7.079587086774406,0.018819749630522395
54321,Residual,desc,0.45,0.5768280625200455,-7.557590149476716,0.018819749630522395
54321,Residual,desc,0.5,0.5776552949224357,-7.711839100725625,0.018819749630522395
54321,Residual,desc,0.55,0.5746470106614711,-7.150902789512932,0.018819749630522395
54321,Residual,desc,0.6000000000000001,0.569569485813897,-6.204127880290867,0.018819749630522395
54321,Residual,desc,0.65,0.5692204874869169,-6.139052303259844,0.018819749630522395
54321,Residual,desc,0.7000000000000001,0.56540305164966,-5.427238461520245,0.018819749630522395
54321,Residual,desc,0.75,0.5588822933124946,-4.211352657302385,0.018819749630522395
54321,Residual,desc,0.8,0.5588978068528531,-4.214245372002067,0.018819749630522395
54321,Residual,desc,0.8500000000000001,0.5653323326775492,-5.414051928630618,0.018819749630522395
54321,Residual,desc,0.9,0.5708107781046854,-6.435584038795089,0.018819749630522395
54321,Residual,desc,0.9500000000000001,0.5764298621862715,-7.483340176078512,0.018819749630522395
54321,Chaos,desc,0.0,0.5362969379644957,0.0,0.018819749630522395
54321,Chaos,desc,0.05,0.5347203113920258,0.29398388483327625,0.018819749630522395
54321,Chaos,desc,0.1,0.5333389025119942,0.5515667241600652,0.018819749630522395
54321,Chaos,desc,0.15000000000000002,0.5362291811086344,0.01263420524430476,0.018819749630522395
54321,Chaos,desc,0.2,0.5379247616401424,-0.30353029458363023,0.018819749630522395
54321,Chaos,desc,0.25,0.5441234605792589,-1.4593636585859582,0.018819749630522395
54321,Chaos,desc,0.30000000000000004,0.5437780125578768,-1.394950085259738,0.018819749630522395
54321,Chaos,desc,0.35000000000000003,0.5399042421543246,-0.6726318825388709,0.018819749630522395
54321,Chaos,desc,0.4,0.5372515019085186,-0.17799168267599141,0.018819749630522395
54321,Chaos,desc,0.45,0.5393235680850718,-0.5643571511080293,0.018819749630522395
54321,Chaos,desc,0.5,0.5356338222746375,0.12364711467029073,0.018819749630522395
54321,Chaos,desc,0.55,0.5300236131086309,1.1697484008905825,0.018819749630522395
54321,Chaos,desc,0.6000000000000001,0.5354765781656939,0.1529674590191498,0.018819749630522395
54321,Chaos,desc,0.65,0.5394173955833749,-0.5818525891128093,0.018819749630522395
54321,Chaos,desc,0.7000000000000001,0.5441435717252556,-1.4631136606040736,0.018819749630522395
54321,Chaos,desc,0.75,0.5523786701648804,-2.9986619467607927,0.018819749630522395
54321,Chaos,desc,0.8,0.562085660209385,-4.808664830862142,0.018819749630522395
54321,Chaos,desc,0.8500000000000001,0.5682952464062763,-5.9665282750316395,0.018819749630522395
54321,Chaos,desc,0.9,0.5823188094660253,-8.581416048393764,0.018819749630522395
54321,Chaos,desc,0.9500000000000001,0.5715916740340017,-6.581192912170339,0.018819749630522395
54321,Failure,desc,0.0,0.5362969379644957,0.0,0.018819749630522395
54321,Failure,desc,0.05,0.5430140583612987,-1.252500232855634,0.018819749630522395
54321,Failure,desc,0.1,0.5560135465671201,-3.6764350506005785,0.018819749630522395
54321,Failure,desc,0.15000000000000002,0.5671031638261669,-5.74424794939079,0.018819749630522395
54321,Failure,desc,0.2,0.5760309643736812,-7.408960148084221,0.018819749630522395
54321,Failure,desc,0.25,0.5860338853697198,-9.274143461269729,0.018819749630522395
54321,Failure,desc,0.30000000000000004,0.5978303300395511,-11.473754131172951,0.018819749630522395
54321,Failure,desc,0.35000000000000003,0.6059091103229818,-12.980154729709561,0.018819749630522395
54321,Failure,desc,0.4,0.6178647112449498,-15.209442289572433,0.018819749630522395
54321,Failure,desc,0.45,0.6311741989995069,-17.69118082141507,0.018819749630522395
54321,Failure,desc,0.5,0.638123689605373,-18.987009701632584,0.018819749630522395
54321,Failure,desc,0.55,0.6435540375332549,-19.999573366174968,0.018819749630522395
54321,Failure,desc,0.6000000000000001,0.6500456523364981,-21.210024954409278,0.018819749630522395
54321,Failure,desc,0.65,0.6648227017367161,-23.965410703264002,0.018819749630522395
54321,Failure,desc,0.7000000000000001,0.6884901551879645,-28.3785355555292,0.018819749630522395
54321,Failure,desc,0.75,0.7194474019887456,-34.15094345296726,0.018819749630522395
54321,Failure,desc,0.8,0.749984952269084,-39.84509311495174,0.018819749630522395
54321,Failure,desc,0.8500000000000001,0.7852658429047348,-46.42370435400872,0.018819749630522395
54321,Failure,desc,0.9,0.846025483369842,-57.75318176921067,0.018819749630522395
54321,Failure,desc,0.9500000000000001,0.8880723984384,-65.59341207672395,0.018819749630522395
