seed,metric,order,remove_ratio,L2,improvement_pct,mean_failure
0,Residual,asc,0.0,0.694438344643992,0.0,0.08674173197666023
0,Residual,asc,0.05,0.6791187633855418,2.206039078430196,0.08674173197666023
0,Residual,asc,0.1,0.6642240974819092,4.350889808305772,0.08674173197666023
0,Residual,asc,0.15000000000000002,0.6505785609525698,6.315864328302199,0.08674173197666023
0,Residual,asc,0.2,0.6351539789157693,8.537023651626725,0.08674173197666023
0,Residual,asc,0.25,0.6185420594403925,10.929161067928668,0.08674173197666023
0,Residual,asc,0.30000000000000004,0.6019026381304229,13.325258783198112,0.08674173197666023
0,Residual,asc,0.35000000000000003,0.5853433827527679,15.70981250281511,0.08674173197666023
0,Residual,asc,0.4,0.5717863208893963,17.662046559003596,0.08674173197666023
0,Residual,asc,0.45,0.5626833549079456,18.97288517436222,0.08674173197666023
0,Residual,asc,0.5,0.5520959683895791,20.4974822246294,0.08674173197666023
0,Residual,asc,0.55,0.536548056937092,22.73640113980795,0.08674173197666023
0,Residual,asc,0.6000000000000001,0.5203194686989133,25.073338373090813,0.08674173197666023
0,Residual,asc,0.65,0.5091173973514155,26.686450816246676,0.08674173197666023
0,Residual,asc,0.7000000000000001,0.5063893043973926,27.079299652297262,0.08674173197666023
0,Residual,asc,0.75,0.5033578565536402,27.515831976172112,0.08674173197666023
0,Residual,asc,0.8,0.4955882602776859,28.634663667405608,0.08674173197666023
0,Residual,asc,0.8500000000000001,0.48716562710166195,29.84753349825313,0.08674173197666023
0,Residual,asc,0.9,0.48274290748966986,30.484410716526472,0.08674173197666023
0,Residual,asc,0.9500000000000001,0.48553042593564405,30.08300453446963,0.08674173197666023
0,Chaos,asc,0.0,0.6944383446439916,0.0,0.08674173197666023
0,Chaos,asc,0.05,0.703302594196232,-1.276463147608119,0.08674173197666023
0,Chaos,asc,0.1,0.7123638556642363,-2.581296260279865,0.08674173197666023
0,Chaos,asc,0.15000000000000002,0.7223419222162386,-4.018150464682649,0.08674173197666023
0,Chaos,asc,0.2,0.7338935851207147,-5.681604534229759,0.08674173197666023
0,Chaos,asc,0.25,0.7459520126045452,-7.418033344193069,0.08674173197666023
0,Chaos,asc,0.30000000000000004,0.7608690595531656,-9.566106972855916,0.08674173197666023
0,Chaos,asc,0.35000000000000003,0.7767481363839064,-11.852714121382723,0.08674173197666023
0,Chaos,asc,0.4,0.7945262516443772,-14.412785205819292,0.08674173197666023
0,Chaos,asc,0.45,0.8159611451672905,-17.499436985381095,0.08674173197666023
0,Chaos,asc,0.5,0.8162262369995139,-17.537610544526846,0.08674173197666023
0,Chaos,asc,0.55,0.8079671742364987,-16.34829506004718,0.08674173197666023
0,Chaos,asc,0.6000000000000001,0.7982363948391783,-14.94705051870364,0.08674173197666023
0,Chaos,asc,0.65,0.7862072578539866,-13.214839577592876,0.08674173197666023
0,Chaos,asc,0.7000000000000001,0.7730515999074967,-11.320408193157416,0.08674173197666023
0,Chaos,asc,0.75,0.7453524014707478,-7.331688582498658,0.08674173197666023
0,Chaos,asc,0.8,0.709783849088005,-2.2097720499406415,0.08674173197666023
0,Chaos,asc,0.8500000000000001,0.6489079739787207,6.556430965604633,0.08674173197666023
0,Chaos,asc,0.9,0.583800125093272,15.932043557796199,0.08674173197666023
0,Chaos,asc,0.9500000000000001,0.5838523040185464,15.924529726557346,0.08674173197666023
0,Failure,asc,0.0,0.6944383446439917,0.0,0.08674173197666023
0,Failure,asc,0.05,0.706863332753748,-1.789214003746595,0.08674173197666023
0,Failure,asc,0.1,0.7204617380472645,-3.7474015661698417,0.08674173197666023
0,Failure,asc,0.15000000000000002,0.722123484753632,-3.9866951937732154,0.08674173197666023
0,Failure,asc,0.2,0.7094877157000845,-2.167128467511106,0.08674173197666023
0,Failure,asc,0.25,0.6937167840268369,0.10390564154758683,0.08674173197666023
0,Failure,asc,0.30000000000000004,0.6676361042747598,3.8595565144047725,0.08674173197666023
0,Failure,asc,0.35000000000000003,0.6393078759736892,7.938857221164171,0.08674173197666023
0,Failure,asc,0.4,0.5961820799779312,14.149026392894855,0.08674173197666023
0,Failure,asc,0.45,0.5914794642780203,14.826209001859464,0.08674173197666023
0,Failure,asc,0.5,0.5911180267201964,14.878256467356088,0.08674173197666023
0,Failure,asc,0.55,0.5882059851613382,15.29759413517326,0.08674173197666023
0,Failure,asc,0.6000000000000001,0.579969144100957,16.48370966636614,0.08674173197666023
0,Failure,asc,0.65,0.5595187105504407,19.428597964693097,0.08674173197666023
0,Failure,asc,0.7000000000000001,0.5548130026270178,20.106225857754687,0.08674173197666023
0,Failure,asc,0.75,0.5673307016407834,18.30366136656392,0.08674173197666023
0,Failure,asc,0.8,0.5699137746772228,17.93169558207607,0.08674173197666023
0,Failure,asc,0.8500000000000001,0.5873745826701302,15.417317145519723,0.08674173197666023
0,Failure,asc,0.9,0.60687328014955,12.609480045249011,0.08674173197666023
0,Failure,asc,0.9500000000000001,0.5859547544165318,15.62177420993,0.08674173197666023
0,Residual,desc,0.0,0.6944383446439916,0.0,0.08674173197666023
0,Residual,desc,0.05,0.711086890569592,-2.397411671461687,0.08674173197666023
0,Residual,desc,0.1,0.7298198392985296,-5.09497998309361,0.08674173197666023
0,Residual,desc,0.15000000000000002,0.748033626273947,-7.717788345548718,0.08674173197666023
0,Residual,desc,0.2,0.7676832126232858,-10.547353633941924,0.08674173197666023
0,Residual,desc,0.25,0.7908937154120823,-13.889695393698231,0.08674173197666023
0,Residual,desc,0.30000000000000004,0.8169235594180859,-17.638025854820448,0.08674173197666023
0,Residual,desc,0.35000000000000003,0.8454567113009002,-21.746835816551744,0.08674173197666023
0,Residual,desc,0.4,0.8713570715471711,-25.476520452492892,0.08674173197666023
0,Residual,desc,0.45,0.8924638938322458,-28.515929558839858,0.08674173197666023
0,Residual,desc,0.5,0.9114114626431966,-31.244403433747276,0.08674173197666023
0,Residual,desc,0.55,0.9297280072309582,-33.882009022354524,0.08674173197666023
0,Residual,desc,0.6000000000000001,0.9465689914743961,-36.307132054993446,0.08674173197666023
0,Residual,desc,0.65,0.9587994047908058,-38.06832704238714,0.08674173197666023
0,Residual,desc,0.7000000000000001,0.9663584208496041,-39.15683491599447,0.08674173197666023
0,Residual,desc,0.75,0.9716968417832664,-39.925574282827554,0.08674173197666023
0,Residual,desc,0.8,0.9788337794177456,-40.953302329460406,0.08674173197666023
0,Residual,desc,0.8500000000000001,0.9836616007272212,-41.64851470457062,0.08674173197666023
0,Residual,desc,0.9,0.9871238512306588,-42.147083156347655,0.08674173197666023
0,Residual,desc,0.9500000000000001,0.9918302183667213,-42.82480597686315,0.08674173197666023
0,Chaos,desc,0.0,0.6944383446439918,0.0,0.08674173197666023
0,Chaos,desc,0.05,0.700151634139064,-0.8227209138344987,0.08674173197666023
0,Chaos,desc,0.1,0.706189389235194,-1.6921652846267423,0.08674173197666023
0,Chaos,desc,0.15000000000000002,0.7025318639758188,-1.1654770209983434,0.08674173197666023
0,Chaos,desc,0.2,0.6905346545969765,0.5621363044139717,0.08674173197666023
0,Chaos,desc,0.25,0.6760928597178183,2.641773033944205,0.08674173197666023
0,Chaos,desc,0.30000000000000004,0.6565509656626463,5.455830495761108,0.08674173197666023
0,Chaos,desc,0.35000000000000003,0.6379123530787792,8.139814283180309,0.08674173197666023
0,Chaos,desc,0.4,0.613617351462795,11.638325245797052,0.08674173197666023
0,Chaos,desc,0.45,0.5831827230660851,16.020950230641798,0.08674173197666023
0,Chaos,desc,0.5,0.543004372513698,21.80668353040432,0.08674173197666023
0,Chaos,desc,0.55,0.5038750423160517,27.441356572214275,0.08674173197666023
0,Chaos,desc,0.6000000000000001,0.5055381901047366,27.201861186985017,0.08674173197666023
0,Chaos,desc,0.65,0.5055532356097093,27.19969461523839,0.08674173197666023
0,Chaos,desc,0.7000000000000001,0.5049459572001647,27.28714347433847,0.08674173197666023
0,Chaos,desc,0.75,0.5076447863192357,26.898508667535776,0.08674173197666023
0,Chaos,desc,0.8,0.5059566994392125,27.141595313462364,0.08674173197666023
0,Chaos,desc,0.8500000000000001,0.5060437625766472,27.129058111548588,0.08674173197666023
0,Chaos,desc,0.9,0.5055665765648317,27.19777350082625,0.08674173197666023
0,Chaos,desc,0.9500000000000001,0.5043936398617853,27.366677869672372,0.08674173197666023
0,Failure,desc,0.0,0.6944383446439912,0.0,0.08674173197666023
0,Failure,desc,0.05,0.7040268183114093,-1.3807523362399734,0.08674173197666023
0,Failure,desc,0.1,0.7109206611070843,-2.373474418602682,0.08674173197666023
0,Failure,desc,0.15000000000000002,0.7246661114350822,-4.352836651983473,0.08674173197666023
0,Failure,desc,0.2,0.7441258919585851,-7.155069661377437,0.08674173197666023
0,Failure,desc,0.25,0.7590056750996287,-9.297777254615506,0.08674173197666023
0,Failure,desc,0.30000000000000004,0.7830606821861781,-12.76172870143277,0.08674173197666023
0,Failure,desc,0.35000000000000003,0.8080827788199643,-16.364942266290562,0.08674173197666023
0,Failure,desc,0.4,0.8194739095724158,-18.005279502894524,0.08674173197666023
0,Failure,desc,0.45,0.834401427002114,-20.154860894076318,0.08674173197666023
0,Failure,desc,0.5,0.8493639638571389,-22.30948512680004,0.08674173197666023
0,Failure,desc,0.55,0.8604727102500576,-23.909158658452974,0.08674173197666023
0,Failure,desc,0.6000000000000001,0.8615938282333742,-24.070601066114282,0.08674173197666023
0,Failure,desc,0.65,0.8282769723939647,-19.272931683890064,0.08674173197666023
0,Failure,desc,0.7000000000000001,0.784151869334284,-12.918861030965259,0.08674173197666023
0,Failure,desc,0.75,0.6978660573830929,-0.4935949700270277,0.08674173197666023
0,Failure,desc,0.8,0.5809762229016066,16.338689045253087,0.08674173197666023
0,Failure,desc,0.8500000000000001,0.15884155479687315,77.12661519601076,0.08674173197666023
0,Failure,desc,0.9,0.06559713948820996,90.55392894212389,0.08674173197666023
0,Failure,desc,0.9500000000000001,0.029319343782866332,95.777977410234,0.08674173197666023
1,Residual,asc,0.0,0.0770968799085368,0.0,0.41317407982116233
1,Residual,asc,0.05,0.0773920299651085,-0.38283009237448823,0.41317407982116233
1,Residual,asc,0.1,0.07787128908516616,-1.0044624082687665,0.41317407982116233
1,Residual,asc,0.15000000000000002,0.07821103193651952,-1.4451324480374366,0.41317407982116233
1,Residual,asc,0.2,0.07832852761409068,-1.5975324903096415,0.41317407982116233
1,Residual,asc,0.25,0.07854599380847731,-1.8796012259635624,0.41317407982116233
1,Residual,asc,0.30000000000000004,0.07855641817600947,-1.89312235359484,0.41317407982116233
1,Residual,asc,0.35000000000000003,0.0786512474387771,-2.016122483924539,0.41317407982116233
1,Residual,asc,0.4,0.07848496325279156,-1.8004403626988568,0.41317407982116233
1,Residual,asc,0.45,0.07867442867228418,-2.046190151428818,0.41317407982116233
1,Residual,asc,0.5,0.07876937121621766,-2.1693372152868062,0.41317407982116233
1,Residual,asc,0.55,0.07862754532251248,-1.9853791953598887,0.41317407982116233
1,Residual,asc,0.6000000000000001,0.07856438246849697,-1.9034525932840989,0.41317407982116233
1,Residual,asc,0.65,0.07889391471991945,-2.330878776825411,0.41317407982116233
1,Residual,asc,0.7000000000000001,0.08054841209196906,-4.476876609698029,0.41317407982116233
1,Residual,asc,0.75,0.08375762834318078,-8.639452650413224,0.41317407982116233
1,Residual,asc,0.8,0.08661033722810131,-12.339613912846698,0.41317407982116233
1,Residual,asc,0.8500000000000001,0.08955970904000937,-16.16515369526983,0.41317407982116233
1,Residual,asc,0.9,0.08434700228426247,-9.403911525767047,0.41317407982116233
1,Residual,asc,0.9500000000000001,0.08104079893138323,-5.115536488020359,0.41317407982116233
1,Chaos,asc,0.0,0.07709687990853675,0.0,0.41317407982116233
1,Chaos,asc,0.05,0.07698406157775663,0.14633319910477213,0.41317407982116233
1,Chaos,asc,0.1,0.07711925525605891,-0.029022377492707595,0.41317407982116233
1,Chaos,asc,0.15000000000000002,0.07704376086332446,0.06889908550814745,0.41317407982116233
1,Chaos,asc,0.2,0.0769663911782411,0.16925293273924907,0.41317407982116233
1,Chaos,asc,0.25,0.07678204734142512,0.40835967354987057,0.41317407982116233
1,Chaos,asc,0.30000000000000004,0.07666336583073226,0.5622978236198284,0.41317407982116233
1,Chaos,asc,0.35000000000000003,0.07649671221313113,0.7784591232714276,0.41317407982116233
1,Chaos,asc,0.4,0.07612204807341301,1.264424495881321,0.41317407982116233
1,Chaos,asc,0.45,0.07630157086128342,1.031570989898479,0.41317407982116233
1,Chaos,asc,0.5,0.07620867911311387,1.152058029425569,0.41317407982116233
1,Chaos,asc,0.55,0.07624657699158531,1.1029018527859913,0.41317407982116233
1,Chaos,asc,0.6000000000000001,0.07614386721241444,1.236123559413707,0.41317407982116233
1,Chaos,asc,0.65,0.0762191353639542,1.1384955469324627,0.41317407982116233
1,Chaos,asc,0.7000000000000001,0.07631815570001775,1.0100593038821224,0.41317407982116233
1,Chaos,asc,0.75,0.07637455020362247,0.936911721682145,0.41317407982116233
1,Chaos,asc,0.8,0.07681180312628089,0.36976435699351895,0.41317407982116233
1,Chaos,asc,0.8500000000000001,0.07716001856001817,-0.08189520971058589,0.41317407982116233
1,Chaos,asc,0.9,0.07806229371205856,-1.2522086557421177,0.41317407982116233
1,Chaos,asc,0.9500000000000001,0.08084807449482603,-4.86555952814106,0.41317407982116233
1,Failure,asc,0.0,0.07709687990853677,0.0,0.41317407982116233
1,Failure,asc,0.05,0.07796524547047966,-1.126330356005417,0.41317407982116233
1,Failure,asc,0.1,0.07803506831541777,-1.2168954281859647,0.41317407982116233
1,Failure,asc,0.15000000000000002,0.076236802664317,1.1155798331140192,0.41317407982116233
1,Failure,asc,0.2,0.07474922720576252,3.0450683679538852,0.41317407982116233
1,Failure,asc,0.25,0.07364013064602484,4.483643523074876,0.41317407982116233
1,Failure,asc,0.30000000000000004,0.07301623466185136,5.292879882462742,0.41317407982116233
1,Failure,asc,0.35000000000000003,0.07248586162881268,5.980810488302936,0.41317407982116233
1,Failure,asc,0.4,0.07286872162969263,5.4842145153736155,0.41317407982116233
1,Failure,asc,0.45,0.07299194650833461,5.324383301985771,0.41317407982116233
1,Failure,asc,0.5,0.07247097279078313,6.0001223437855655,0.41317407982116233
1,Failure,asc,0.55,0.07062530173922028,8.394085697104714,0.41317407982116233
1,Failure,asc,0.6000000000000001,0.0724245272266268,6.060365461550416,0.41317407982116233
1,Failure,asc,0.65,0.0731440371795922,5.127111153699074,0.41317407982116233
1,Failure,asc,0.7000000000000001,0.0732295413442655,5.016206322304159,0.41317407982116233
1,Failure,asc,0.75,0.07574298632418225,1.7560938730084776,0.41317407982116233
1,Failure,asc,0.8,0.07582054829599008,1.6554906165604246,0.41317407982116233
1,Failure,asc,0.8500000000000001,0.0784613261901701,-1.7697814532209766,0.41317407982116233
1,Failure,asc,0.9,0.07715236367852438,-0.07196629753815342,0.41317407982116233
1,Failure,asc,0.9500000000000001,0.06437544758893828,16.500579964702144,0.41317407982116233
1,Residual,desc,0.0,0.07709687990853678,0.0,0.41317407982116233
1,Residual,desc,0.05,0.0769073695612739,0.24580806316377402,0.41317407982116233
1,Residual,desc,0.1,0.07636654674290726,0.9472927652791502,0.41317407982116233
1,Residual,desc,0.15000000000000002,0.07476903317176622,3.019378656480232,0.41317407982116233
1,Residual,desc,0.2,0.07453831416288466,3.318637211632241,0.41317407982116233
1,Residual,desc,0.25,0.0746664170662352,3.1524788619006925,0.41317407982116233
1,Residual,desc,0.30000000000000004,0.07546609918844757,2.115235690502484,0.41317407982116233
1,Residual,desc,0.35000000000000003,0.07602178081960077,1.3944780777269352,0.41317407982116233
1,Residual,desc,0.4,0.0760322506871041,1.380897933477579,0.41317407982116233
1,Residual,desc,0.45,0.07575642239158228,1.738666361783689,0.41317407982116233
1,Residual,desc,0.5,0.07531469443383536,2.3116181573310137,0.41317407982116233
1,Residual,desc,0.55,0.07503855573326358,2.6697892025138685,0.41317407982116233
1,Residual,desc,0.6000000000000001,0.07488751361864125,2.865701300126012,0.41317407982116233
1,Residual,desc,0.65,0.07404189815351807,3.9625232028104946,0.41317407982116233
1,Residual,desc,0.7000000000000001,0.07342916711791483,4.757277849600537,0.41317407982116233
1,Residual,desc,0.75,0.07245477661232419,6.02112991047071,0.41317407982116233
1,Residual,desc,0.8,0.0718409256909973,6.817337126709713,0.41317407982116233
1,Residual,desc,0.8500000000000001,0.07036307009967523,8.734218319665013,0.41317407982116233
1,Residual,desc,0.9,0.06957827616494656,9.752150479383662,0.41317407982116233
1,Residual,desc,0.9500000000000001,0.07105361398132923,7.8385350151354105,0.41317407982116233
1,Chaos,desc,0.0,0.07709687990853677,0.0,0.41317407982116233
1,Chaos,desc,0.05,0.07691505498824745,0.23583953138573252,0.41317407982116233
1,Chaos,desc,0.1,0.07698061755265474,0.15080033850909536,0.41317407982116233
1,Chaos,desc,0.15000000000000002,0.07710110482003703,-0.005480003218383757,0.41317407982116233
1,Chaos,desc,0.2,0.07716126000330227,-0.08350544774559042,0.41317407982116233
1,Chaos,desc,0.25,0.07733858267135058,-0.3135052457382848,0.41317407982116233
1,Chaos,desc,0.30000000000000004,0.07743648454804543,-0.4404907694209528,0.41317407982116233
1,Chaos,desc,0.35000000000000003,0.07756132155538593,-0.6024130255337881,0.41317407982116233
1,Chaos,desc,0.4,0.07772050884229258,-0.8088899764758921,0.41317407982116233
1,Chaos,desc,0.45,0.07778881429908044,-0.8974868909929202,0.41317407982116233
1,Chaos,desc,0.5,0.07795731092070253,-1.1160386946741923,0.41317407982116233
1,Chaos,desc,0.55,0.07804286009153853,-1.2270019021833583,0.41317407982116233
1,Chaos,desc,0.6000000000000001,0.07854152048286185,-1.8737990124099986,0.41317407982116233
1,Chaos,desc,0.65,0.07818190817086659,-1.4073569042184852,0.41317407982116233
1,Chaos,desc,0.7000000000000001,0.07810683556781498,-1.309982531687872,0.41317407982116233
1,Chaos,desc,0.75,0.07800830902435553,-1.182186771890158,0.41317407982116233
1,Chaos,desc,0.8,0.07759591474975297,-0.6472827977062483,0.41317407982116233
1,Chaos,desc,0.8500000000000001,0.07735255180546463,-0.33162418145997413,0.41317407982116233
1,Chaos,desc,0.9,0.07695641696736102,0.18219017597389084,0.41317407982116233
1,Chaos,desc,0.9500000000000001,0.07915539469504265,-2.670036438501775,0.41317407982116233
1,Failure,desc,0.0,0.07709687990853677,0.0,0.41317407982116233
1,Failure,desc,0.05,0.07833658451667233,-1.607982851713684,0.41317407982116233
1,Failure,desc,0.1,0.07707839964275688,0.023970186344517953,0.41317407982116233
1,Failure,desc,0.15000000000000002,0.0765693304707739,0.6842682069478345,0.41317407982116233
1,Failure,desc,0.2,0.07776488191287032,-0.8664449263394665,0.41317407982116233
1,Failure,desc,0.25,0.07808241756224477,-1.278310685046118,0.41317407982116233
1,Failure,desc,0.30000000000000004,0.08061075131291133,-4.557734902557944,0.41317407982116233
1,Failure,desc,0.35000000000000003,0.08166298335426737,-5.922552833717221,0.41317407982116233
1,Failure,desc,0.4,0.08361145632809967,-8.449857409653177,0.41317407982116233
1,Failure,desc,0.45,0.08805076697788114,-14.207951193795942,0.41317407982116233
1,Failure,desc,0.5,0.08729148445062147,-13.22310909881047,0.41317407982116233
1,Failure,desc,0.55,0.08822030458532253,-14.427853228278419,0.41317407982116233
1,Failure,desc,0.6000000000000001,0.09022142935972816,-17.023450841021827,0.41317407982116233
1,Failure,desc,0.65,0.09523040579757204,-23.520440659269,0.41317407982116233
1,Failure,desc,0.7000000000000001,0.09878092288838841,-28.125707558563107,0.41317407982116233
1,Failure,desc,0.75,0.10274235379771485,-33.26395817781779,0.41317407982116233
1,Failure,desc,0.8,0.09948102977660665,-29.033794745812198,0.41317407982116233
1,Failure,desc,0.8500000000000001,0.08720427395440615,-13.109991037069472,0.41317407982116233
1,Failure,desc,0.9,0.06311251569744508,18.13869021376989,0.41317407982116233
1,Failure,desc,0.9500000000000001,0.045942124827129734,40.4098779592212,0.41317407982116233
12,Residual,asc,0.0,0.6583127257354158,0.0,0.09506088277211278
12,Residual,asc,0.05,0.6548709936070606,0.5228111190635659,0.09506088277211278
12,Residual,asc,0.1,0.6506730318026251,1.1604961645327687,0.09506088277211278
12,Residual,asc,0.15000000000000002,0.6446751296118455,2.0715984349741126,0.09506088277211278
12,Residual,asc,0.2,0.6377385221927188,3.125293304897473,0.09506088277211278
12,Residual,asc,0.25,0.6273355260600416,4.705544715206415,0.09506088277211278
12,Residual,asc,0.30000000000000004,0.612476754511,6.962643958190442,0.09506088277211278
12,Residual,asc,0.35000000000000003,0.5929507153103721,9.928717442310763,0.09506088277211278
12,Residual,asc,0.4,0.577273080686127,12.310204843565426,0.09506088277211278
12,Residual,asc,0.45,0.5578688785724494,15.257770849068478,0.09506088277211278
12,Residual,asc,0.5,0.5431409794739662,17.49499011017729,0.09506088277211278
12,Residual,asc,0.55,0.5378867034355522,18.293132973440997,0.09506088277211278
12,Residual,asc,0.6000000000000001,0.536336156767422,18.528666422440956,0.09506088277211278
12,Residual,asc,0.65,0.5368570336755566,18.449543402670564,0.09506088277211278
12,Residual,asc,0.7000000000000001,0.5410859152379819,17.80716153807861,0.09506088277211278
12,Residual,asc,0.75,0.5482210363410828,16.723311746912856,0.09506088277211278
12,Residual,asc,0.8,0.5555941673070686,15.603307427119539,0.09506088277211278
12,Residual,asc,0.8500000000000001,0.5609903937293886,14.783601805252388,0.09506088277211278
12,Residual,asc,0.9,0.5626662027507857,14.529040567730359,0.09506088277211278
12,Residual,asc,0.9500000000000001,0.555398321471026,15.633057092952567,0.09506088277211278
12,Chaos,asc,0.0,0.6583127257354159,0.0,0.09506088277211278
12,Chaos,asc,0.05,0.6589680312490309,-0.09954319398625901,0.09506088277211278
12,Chaos,asc,0.1,0.6590845059782166,-0.11723611174894047,0.09506088277211278
12,Chaos,asc,0.15000000000000002,0.658872016152226,-0.08495816576921496,0.09506088277211278
12,Chaos,asc,0.2,0.6576823689287822,0.09575339834567488,0.09506088277211278
12,Chaos,asc,0.25,0.6577644715586802,0.08328172239465444,0.09506088277211278
12,Chaos,asc,0.30000000000000004,0.6579326910973323,0.05772858752791302,0.09506088277211278
12,Chaos,asc,0.35000000000000003,0.6564184112273108,0.28775298335436017,0.09506088277211278
12,Chaos,asc,0.4,0.6567424208266222,0.23853479469647296,0.09506088277211278
12,Chaos,asc,0.45,0.6567083554538896,0.2437094436742037,0.09506088277211278
12,Chaos,asc,0.5,0.6575170645329459,0.12086371284728506,0.09506088277211278
12,Chaos,asc,0.55,0.6586193426554549,-0.046576179990511744,0.09506088277211278
12,Chaos,asc,0.6000000000000001,0.6605413329031375,-0.3385332047518961,0.09506088277211278
12,Chaos,asc,0.65,0.6609175687401461,-0.3956847411418723,0.09506088277211278
12,Chaos,asc,0.7000000000000001,0.6585374152047342,-0.0341311143677651,0.09506088277211278
12,Chaos,asc,0.75,0.6591848646648452,-0.13248094641570116,0.09506088277211278
12,Chaos,asc,0.8,0.6613011081384318,-0.4539457139731761,0.09506088277211278
12,Chaos,asc,0.8500000000000001,0.6557285242427898,0.39254922343164333,0.09506088277211278
12,Chaos,asc,0.9,0.6524387346284034,0.8922797444710658,0.09506088277211278
12,Chaos,asc,0.9500000000000001,0.6457342951200857,1.910707498670712,0.09506088277211278
12,Failure,asc,0.0,0.658312725735416,0.0,0.09506088277211278
12,Failure,asc,0.05,0.656803164157468,0.22930767079759096,0.09506088277211278
12,Failure,asc,0.1,0.6447387291202386,2.0619374477401484,0.09506088277211278
12,Failure,asc,0.15000000000000002,0.6367830985173704,3.2704254948124243,0.09506088277211278
12,Failure,asc,0.2,0.6285158439492105,4.526250309519503,0.09506088277211278
12,Failure,asc,0.25,0.6216222778059689,5.573407059457853,0.09506088277211278
12,Failure,asc,0.30000000000000004,0.6149188875913935,6.591675422276897,0.09506088277211278
12,Failure,asc,0.35000000000000003,0.6030710570140003,8.39140222600193,0.09506088277211278
12,Failure,asc,0.4,0.5935057716589186,9.844402446284185,0.09506088277211278
12,Failure,asc,0.45,0.578332155465648,12.14932768927107,0.09506088277211278
12,Failure,asc,0.5,0.5465052609678894,16.983944012721906,0.09506088277211278
12,Failure,asc,0.55,0.5465690138644592,16.97425972528867,0.09506088277211278
12,Failure,asc,0.6000000000000001,0.5483119136389266,16.709507168284645,0.09506088277211278
12,Failure,asc,0.65,0.5541187244512783,15.827432344975593,0.09506088277211278
12,Failure,asc,0.7000000000000001,0.538493293340167,18.200989850438628,0.09506088277211278
12,Failure,asc,0.75,0.5156782489692359,21.66667469580509,0.09506088277211278
12,Failure,asc,0.8,0.5194118002088101,21.099535235542742,0.09506088277211278
12,Failure,asc,0.8500000000000001,0.5067843614238375,23.017687246179648,0.09506088277211278
12,Failure,asc,0.9,0.4786649235384332,27.289127974291272,0.09506088277211278
12,Failure,asc,0.9500000000000001,0.5222343729514001,20.670776587525285,0.09506088277211278
12,Residual,desc,0.0,0.6583127257354159,0.0,0.09506088277211278
12,Residual,desc,0.05,0.6668037880286423,-1.2898219890464409,0.09506088277211278
12,Residual,desc,0.1,0.6755111351970422,-2.6124984052850553,0.09506088277211278
12,Residual,desc,0.15000000000000002,0.6864910027001578,-4.280378589562183,0.09506088277211278
12,Residual,desc,0.2,0.6999934757672505,-6.331451360790889,0.09506088277211278
12,Residual,desc,0.25,0.71672940153162,-8.873696878781367,0.09506088277211278
12,Residual,desc,0.30000000000000004,0.7372247469762442,-11.987011363432769,0.09506088277211278
12,Residual,desc,0.35000000000000003,0.760159171367888,-15.470830450481904,0.09506088277211278
12,Residual,desc,0.4,0.7813060113035742,-18.683109221496487,0.09506088277211278
12,Residual,desc,0.45,0.8018646058005016,-21.80603145787903,0.09506088277211278
12,Residual,desc,0.5,0.8198955288683205,-24.544991584720904,0.09506088277211278
12,Residual,desc,0.55,0.8287600540088262,-25.891543883342045,0.09506088277211278
12,Residual,desc,0.6000000000000001,0.8301879933403888,-26.108452850120322,0.09506088277211278
12,Residual,desc,0.65,0.8325796826385131,-26.471758799500606,0.09506088277211278
12,Residual,desc,0.7000000000000001,0.821834936001971,-24.83959429523116,0.09506088277211278
12,Residual,desc,0.75,0.8105216219072586,-23.121062410240782,0.09506088277211278
12,Residual,desc,0.8,0.8014262293877165,-21.739440551209952,0.09506088277211278
12,Residual,desc,0.8500000000000001,0.7955535735499295,-20.84736363879322,0.09506088277211278
12,Residual,desc,0.9,0.7821033043544561,-18.804220817811316,0.09506088277211278
12,Residual,desc,0.9500000000000001,0.779065406532576,-18.342753538945285,0.09506088277211278
12,Chaos,desc,0.0,0.6583127257354158,0.0,0.09506088277211278
12,Chaos,desc,0.05,0.6589213298108219,-0.09244908257336172,0.09506088277211278
12,Chaos,desc,0.1,0.6589503617950762,-0.09685914227893244,0.09506088277211278
12,Chaos,desc,0.15000000000000002,0.6587651627291973,-0.06872675798209349,0.09506088277211278
12,Chaos,desc,0.2,0.6575955166586911,0.1089465612142722,0.09506088277211278
12,Chaos,desc,0.25,0.6580315144844492,0.04271697021388079,0.09506088277211278
12,Chaos,desc,0.30000000000000004,0.6581754089809174,0.020858894128918976,0.09506088277211278
12,Chaos,desc,0.35000000000000003,0.6568709028176458,0.21901793196527686,0.09506088277211278
12,Chaos,desc,0.4,0.656938869635211,0.20869353522978465,0.09506088277211278
12,Chaos,desc,0.45,0.6580217945688008,0.044193459315241504,0.09506088277211278
12,Chaos,desc,0.5,0.6590937849868761,-0.11864562554032156,0.09506088277211278
12,Chaos,desc,0.55,0.6601717366163931,-0.28239023921352013,0.09506088277211278
12,Chaos,desc,0.6000000000000001,0.6604660227166969,-0.32709332466201185,0.09506088277211278
12,Chaos,desc,0.65,0.6617222154632626,-0.5179133859273356,0.09506088277211278
12,Chaos,desc,0.7000000000000001,0.6590503365082937,-0.11204565004480607,0.09506088277211278
12,Chaos,desc,0.75,0.6599083409846791,-0.24237952372572316,0.09506088277211278
12,Chaos,desc,0.8,0.6607899425605294,-0.3762978791494937,0.09506088277211278
12,Chaos,desc,0.8500000000000001,0.6549643602316035,0.5086284030240643,0.09506088277211278
12,Chaos,desc,0.9,0.6520028659661143,0.9584897150898222,0.09506088277211278
12,Chaos,desc,0.9500000000000001,0.6450754301845331,2.010791381268687,0.09506088277211278
12,Failure,desc,0.0,0.6583127257354158,0.0,0.09506088277211278
12,Failure,desc,0.05,0.6707516588200305,-1.8895173370253382,0.09506088277211278
12,Failure,desc,0.1,0.6908571018359283,-4.943604282319848,0.09506088277211278
12,Failure,desc,0.15000000000000002,0.7027901001399671,-6.75626836088649,0.09506088277211278
12,Failure,desc,0.2,0.7154817386491006,-8.684172533626787,0.09506088277211278
12,Failure,desc,0.25,0.7347672115604782,-11.613703159034852,0.09506088277211278
12,Failure,desc,0.30000000000000004,0.7444180253400763,-13.079695445423809,0.09506088277211278
12,Failure,desc,0.35000000000000003,0.7544779771557122,-14.60783722703645,0.09506088277211278
12,Failure,desc,0.4,0.7841074221142185,-19.10865329821395,0.09506088277211278
12,Failure,desc,0.45,0.8084504062401036,-22.806437523589665,0.09506088277211278
12,Failure,desc,0.5,0.8266705139181256,-25.574135452817448,0.09506088277211278
12,Failure,desc,0.55,0.8133798016468956,-23.55522988534833,0.09506088277211278
12,Failure,desc,0.6000000000000001,0.8046507823904849,-22.229261403323424,0.09506088277211278
12,Failure,desc,0.65,0.800661792190526,-21.62331987371032,0.09506088277211278
12,Failure,desc,0.7000000000000001,0.8156475981370583,-23.89971608491698,0.09506088277211278
12,Failure,desc,0.75,0.84052307051298,-27.678387133411864,0.09506088277211278
12,Failure,desc,0.8,0.8640618130847632,-31.254004260589145,0.09506088277211278
12,Failure,desc,0.8500000000000001,0.873372612515463,-32.66834718101478,0.09506088277211278
12,Failure,desc,0.9,0.870092473611099,-32.170082636500666,0.09506088277211278
12,Failure,desc,0.9500000000000001,0.756136394655667,-14.859756631769528,0.09506088277211278
33,Residual,asc,0.0,0.09122500190009539,0.0,0.7181021878653734
33,Residual,asc,0.05,0.09140476371296681,-0.19705323006546904,0.7181021878653734
33,Residual,asc,0.1,0.09175596798747841,-0.5820400946272494,0.7181021878653734
33,Residual,asc,0.15000000000000002,0.09205470135794619,-0.9095088414023202,0.7181021878653734
33,Residual,asc,0.2,0.09256306709111671,-1.466774637600664,0.7181021878653734
33,Residual,asc,0.25,0.09287522604040677,-1.8089603792155733,0.7181021878653734
33,Residual,asc,0.30000000000000004,0.09346408351461707,-2.4544604745240854,0.7181021878653734
33,Residual,asc,0.35000000000000003,0.09397461847216353,-3.01410415434068,0.7181021878653734
33,Residual,asc,0.4,0.09455675641737947,-3.6522383643607235,0.7181021878653734
33,Residual,asc,0.45,0.09509601316386591,-4.243366602513032,0.7181021878653734
33,Residual,asc,0.5,0.0954834580992165,-4.6680801429686385,0.7181021878653734
33,Residual,asc,0.55,0.09588166041804594,-5.104585827304524,0.7181021878653734
33,Residual,asc,0.6000000000000001,0.09599969288711488,-5.233971923890417,0.7181021878653734
33,Residual,asc,0.65,0.09655743814853765,-5.84536710043816,0.7181021878653734
33,Residual,asc,0.7000000000000001,0.09694334800037101,-6.268397896596417,0.7181021878653734
33,Residual,asc,0.75,0.09740452210189382,-6.773932664387231,0.7181021878653734
33,Residual,asc,0.8,0.09703911187988914,-6.373373372094913,0.7181021878653734
33,Residual,asc,0.8500000000000001,0.09532422371052789,-4.493528884682011,0.7181021878653734
33,Residual,asc,0.9,0.09700560467176257,-6.336643081682566,0.7181021878653734
33,Residual,asc,0.9500000000000001,0.07474968996591878,18.060083958364242,0.7181021878653734
33,Chaos,asc,0.0,0.09122500190009541,0.0,0.7181021878653734
33,Chaos,asc,0.05,0.09104673559629956,0.1954138669036009,0.7181021878653734
33,Chaos,asc,0.1,0.09090531292693281,0.35044008386287595,0.7181021878653734
33,Chaos,asc,0.15000000000000002,0.09097996098266961,0.26861157831946025,0.7181021878653734
33,Chaos,asc,0.2,0.09096208212926565,0.2882102114042121,0.7181021878653734
33,Chaos,asc,0.25,0.09091166604776538,0.3434758517990341,0.7181021878653734
33,Chaos,asc,0.30000000000000004,0.09079944915689026,0.46648696557025193,0.7181021878653734
33,Chaos,asc,0.35000000000000003,0.09100576631713841,0.24032401029390496,0.7181021878653734
33,Chaos,asc,0.4,0.09067810398754084,0.5995044134430498,0.7181021878653734
33,Chaos,asc,0.45,0.09050252154545305,0.7919762560636492,0.7181021878653734
33,Chaos,asc,0.5,0.0903220559252083,0.9898009932364532,0.7181021878653734
33,Chaos,asc,0.55,0.09007038910507101,1.2656758245824702,0.7181021878653734
33,Chaos,asc,0.6000000000000001,0.09014246284963333,1.1866692550443827,0.7181021878653734
33,Chaos,asc,0.65,0.09007712023028595,1.2582972276246789,0.7181021878653734
33,Chaos,asc,0.7000000000000001,0.09012846850540727,1.2020097252384854,0.7181021878653734
33,Chaos,asc,0.75,0.09056226000111622,0.726491515675702,0.7181021878653734
33,Chaos,asc,0.8,0.09066193193498531,0.6172320672864939,0.7181021878653734
33,Chaos,asc,0.8500000000000001,0.09195577644271304,-0.8010682679052448,0.7181021878653734
33,Chaos,asc,0.9,0.09241662724910091,-1.30624864257114,0.7181021878653734
33,Chaos,asc,0.9500000000000001,0.09480837064689593,-3.9280555463564926,0.7181021878653734
33,Failure,asc,0.0,0.09122500190009536,0.0,0.7181021878653734
33,Failure,asc,0.05,0.09255413562301547,-1.4569840452025462,0.7181021878653734
33,Failure,asc,0.1,0.09437615396748962,-3.454263635801544,0.7181021878653734
33,Failure,asc,0.15000000000000002,0.0943217116903489,-3.3945845171314915,0.7181021878653734
33,Failure,asc,0.2,0.09459726069650361,-3.696638779028321,0.7181021878653734
33,Failure,asc,0.25,0.09531947052434218,-4.4883184861216705,0.7181021878653734
33,Failure,asc,0.30000000000000004,0.09662633449554432,-5.920890636279961,0.7181021878653734
33,Failure,asc,0.35000000000000003,0.09836505541950755,-7.826860367985066,0.7181021878653734
33,Failure,asc,0.4,0.10056462901283816,-10.238012516536918,0.7181021878653734
33,Failure,asc,0.45,0.10230305053464875,-12.143654046382443,0.7181021878653734
33,Failure,asc,0.5,0.10417619043962308,-14.196972616905123,0.7181021878653734
33,Failure,asc,0.55,0.10641321776717313,-16.649181201126286,0.7181021878653734
33,Failure,asc,0.6000000000000001,0.10943654872787367,-19.963328526671454,0.7181021878653734
33,Failure,asc,0.65,0.11192626183254153,-22.692528913419004,0.7181021878653734
33,Failure,asc,0.7000000000000001,0.11507818762625818,-26.1476407008306,0.7181021878653734
33,Failure,asc,0.75,0.11882452177951658,-30.254337412507493,0.7181021878653734
33,Failure,asc,0.8,0.12158336119052934,-33.27855155725927,0.7181021878653734
33,Failure,asc,0.8500000000000001,0.12699160594396833,-39.207019236944056,0.7181021878653734
33,Failure,asc,0.9,0.13021057106640269,-42.735618913992674,0.7181021878653734
33,Failure,asc,0.9500000000000001,0.1295955008651847,-42.061384670740395,0.7181021878653734
33,Residual,desc,0.0,0.09122500190009539,0.0,0.7181021878653734
33,Residual,desc,0.05,0.09162458639329546,-0.4380208110465983,0.7181021878653734
33,Residual,desc,0.1,0.09072943971316737,0.5432306676964854,0.7181021878653734
33,Residual,desc,0.15000000000000002,0.09057985430960988,0.7072047980794088,0.7181021878653734
33,Residual,desc,0.2,0.08981861935526031,1.5416634864806804,0.7181021878653734
33,Residual,desc,0.25,0.08904055233869146,2.39457332519019,0.7181021878653734
33,Residual,desc,0.30000000000000004,0.08848684182861395,3.00154564477852,0.7181021878653734
33,Residual,desc,0.35000000000000003,0.08793483891153123,3.6066461167820703,0.7181021878653734
33,Residual,desc,0.4,0.08751336475955916,4.06866216851495,0.7181021878653734
33,Residual,desc,0.45,0.08669229532832848,4.9687108548716505,0.7181021878653734
33,Residual,desc,0.5,0.08616998589248193,5.5412616084672015,0.7181021878653734
33,Residual,desc,0.55,0.08568118577573945,6.077079757616468,0.7181021878653734
33,Residual,desc,0.6000000000000001,0.08544956028971044,6.33098546460968,0.7181021878653734
33,Residual,desc,0.65,0.08537249462582513,6.415464129756441,0.7181021878653734
33,Residual,desc,0.7000000000000001,0.08516437231445403,6.643605874931767,0.7181021878653734
33,Residual,desc,0.75,0.08548955648860636,6.287142002770441,0.7181021878653734
33,Residual,desc,0.8,0.08494656755899481,6.882361425408765,0.7181021878653734
33,Residual,desc,0.8500000000000001,0.08570703596465284,6.048743020565257,0.7181021878653734
33,Residual,desc,0.9,0.08537821249010837,6.409196260023216,0.7181021878653734
33,Residual,desc,0.9500000000000001,0.08719484537983603,4.417820154909903,0.7181021878653734
33,Chaos,desc,0.0,0.09122500190009536,0.0,0.7181021878653734
33,Chaos,desc,0.05,0.0910178524935019,0.2270752559921191,0.7181021878653734
33,Chaos,desc,0.1,0.09110917844869518,0.126964591929552,0.7181021878653734
33,Chaos,desc,0.15000000000000002,0.09109582281986829,0.1416049082339708,0.7181021878653734
33,Chaos,desc,0.2,0.09136696158786024,-0.15561489154075356,0.7181021878653734
33,Chaos,desc,0.25,0.0914491590896461,-0.2457190297416749,0.7181021878653734
33,Chaos,desc,0.30000000000000004,0.09169244911868954,-0.5124113004745157,0.7181021878653734
33,Chaos,desc,0.35000000000000003,0.09184090086077702,-0.6751427216807973,0.7181021878653734
33,Chaos,desc,0.4,0.09193916711409011,-0.7828612760971712,0.7181021878653734
33,Chaos,desc,0.45,0.09216270828639447,-1.0279050334534812,0.7181021878653734
33,Chaos,desc,0.5,0.09212471776495636,-0.9862601766194724,0.7181021878653734
33,Chaos,desc,0.55,0.09208975379688601,-0.947932999483718,0.7181021878653734
33,Chaos,desc,0.6000000000000001,0.09206278744477067,-0.9183727346948256,0.7181021878653734
33,Chaos,desc,0.65,0.09163641515202302,-0.4509873865261367,0.7181021878653734
33,Chaos,desc,0.7000000000000001,0.0922190622953052,-1.0896797747381608,0.7181021878653734
33,Chaos,desc,0.75,0.0921643219575086,-1.0296739247448043,0.7181021878653734
33,Chaos,desc,0.8,0.09227489543882547,-1.1508835482183912,0.7181021878653734
33,Chaos,desc,0.8500000000000001,0.0926580777567016,-1.5709244469796368,0.7181021878653734
33,Chaos,desc,0.9,0.09407329963811002,-3.122277532133091,0.7181021878653734
33,Chaos,desc,0.9500000000000001,0.09465352880783649,-3.758319360185784,0.7181021878653734
33,Failure,desc,0.0,0.09122500190009546,0.0,0.7181021878653734
33,Failure,desc,0.05,0.08651163777335574,5.166745989111107,0.7181021878653734
33,Failure,desc,0.1,0.08014292255583806,12.148072472932224,0.7181021878653734
33,Failure,desc,0.15000000000000002,0.0742988074036963,18.554337236337677,0.7181021878653734
33,Failure,desc,0.2,0.07083246651455442,22.354107931807775,0.7181021878653734
33,Failure,desc,0.25,0.06517533191531813,28.55540634935308,0.7181021878653734
33,Failure,desc,0.30000000000000004,0.06235030428569245,31.652175404748107,0.7181021878653734
33,Failure,desc,0.35000000000000003,0.05797556898927496,36.44771961444673,0.7181021878653734
33,Failure,desc,0.4,0.05431617858328736,40.45910939769405,0.7181021878653734
33,Failure,desc,0.45,0.05381536512971952,41.00809645511972,0.7181021878653734
33,Failure,desc,0.5,0.04935530052605863,45.89717785908099,0.7181021878653734
33,Failure,desc,0.55,0.04546788804049756,50.1585233286249,0.7181021878653734
33,Failure,desc,0.6000000000000001,0.04534039492596412,50.2982800969208,0.7181021878653734
33,Failure,desc,0.65,0.04751503137272318,47.914463816883234,0.7181021878653734
33,Failure,desc,0.7000000000000001,0.04556453879936401,50.05257566422004,0.7181021878653734
33,Failure,desc,0.75,0.04252798410603777,53.381218722678625,0.7181021878653734
33,Failure,desc,0.8,0.03984774766924518,56.31926901696948,0.7181021878653734
33,Failure,desc,0.8500000000000001,0.03452617809134004,62.15272417406887,0.7181021878653734
33,Failure,desc,0.9,0.022997492439283524,74.79036233458335,0.7181021878653734
33,Failure,desc,0.9500000000000001,0.018656201409712133,79.54924524951683,0.7181021878653734
123,Residual,asc,0.0,0.10390147815597969,0.0,0.4289024147727366
123,Residual,asc,0.05,0.10412946572164498,-0.21942668161374015,0.4289024147727366
123,Residual,asc,0.1,0.10442695845064227,-0.5057486226266344,0.4289024147727366
123,Residual,asc,0.15000000000000002,0.10455887004357255,-0.6327069636160125,0.4289024147727366
123,Residual,asc,0.2,0.10473041956090516,-0.7978148334723772,0.4289024147727366
123,Residual,asc,0.25,0.10446929652574213,-0.546496912113239,0.4289024147727366
123,Residual,asc,0.30000000000000004,0.10435460112083711,-0.43610829499189224,0.4289024147727366
123,Residual,asc,0.35000000000000003,0.10430302894945291,-0.3864726475502104,0.4289024147727366
123,Residual,asc,0.4,0.10355981698565894,0.3288318668651082,0.4289024147727366
123,Residual,asc,0.45,0.10305933110797275,0.810524607496626,0.4289024147727366
123,Residual,asc,0.5,0.10251838479325777,1.331158504449366,0.4289024147727366
123,Residual,asc,0.55,0.10196939375645958,1.8595350459014788,0.4289024147727366
123,Residual,asc,0.6000000000000001,0.09998205964954396,3.7722451845697504,0.4289024147727366
123,Residual,asc,0.65,0.09728699126982507,6.366114326328234,0.4289024147727366
123,Residual,asc,0.7000000000000001,0.09376982563222536,9.75121115076383,0.4289024147727366
123,Residual,asc,0.75,0.08947267672057492,13.887003045080714,0.4289024147727366
123,Residual,asc,0.8,0.08662576136587577,16.627017340570603,0.4289024147727366
123,Residual,asc,0.8500000000000001,0.0848543883915071,18.33187564076672,0.4289024147727366
123,Residual,asc,0.9,0.08304902827556693,20.069444872678815,0.4289024147727366
123,Residual,asc,0.9500000000000001,0.07577064287483434,27.074528467164427,0.4289024147727366
123,Chaos,asc,0.0,0.10390147815597964,0.0,0.4289024147727366
123,Chaos,asc,0.05,0.10392655306817747,-0.02413335463831224,0.4289024147727366
123,Chaos,asc,0.1,0.10414614262731546,-0.23547737306347688,0.4289024147727366
123,Chaos,asc,0.15000000000000002,0.10434536145596347,-0.4272155775469009,0.4289024147727366
123,Chaos,asc,0.2,0.10443232540348353,-0.5109140475431653,0.4289024147727366
123,Chaos,asc,0.25,0.10448930481437707,-0.5657538938136881,0.4289024147727366
123,Chaos,asc,0.30000000000000004,0.10455432517938049,-0.6283327580968363,0.4289024147727366
123,Chaos,asc,0.35000000000000003,0.10432268991460873,-0.40539534769347607,0.4289024147727366
123,Chaos,asc,0.4,0.10417677087071803,-0.26495553251428555,0.4289024147727366
123,Chaos,asc,0.45,0.10398062455835194,-0.07617447198728745,0.4289024147727366
123,Chaos,asc,0.5,0.10393615078440513,-0.03337067868605316,0.4289024147727366
123,Chaos,asc,0.55,0.1038653850085629,0.034737857494720664,0.4289024147727366
123,Chaos,asc,0.6000000000000001,0.10402626463488125,-0.12010077345991343,0.4289024147727366
123,Chaos,asc,0.65,0.10369066220782436,0.2028998546476857,0.4289024147727366
123,Chaos,asc,0.7000000000000001,0.1034250805636386,0.4585089652197827,0.4289024147727366
123,Chaos,asc,0.75,0.10260499671533094,1.2477988414201269,0.4289024147727366
123,Chaos,asc,0.8,0.10226956743626488,1.5706328232067044,0.4289024147727366
123,Chaos,asc,0.8500000000000001,0.10134634130292201,2.459192013824659,0.4289024147727366
123,Chaos,asc,0.9,0.10106186753750232,2.732983850541971,0.4289024147727366
123,Chaos,asc,0.9500000000000001,0.09942571055977377,4.307703485687401,0.4289024147727366
123,Failure,asc,0.0,0.10390147815597965,0.0,0.4289024147727366
123,Failure,asc,0.05,0.10455558489716368,-0.6295451737482213,0.4289024147727366
123,Failure,asc,0.1,0.10404707370291805,-0.14012846546785776,0.4289024147727366
123,Failure,asc,0.15000000000000002,0.10417958732177775,-0.26766622644250665,0.4289024147727366
123,Failure,asc,0.2,0.10280887367200123,1.0515774206197308,0.4289024147727366
123,Failure,asc,0.25,0.10252509066194554,1.3247044396883774,0.4289024147727366
123,Failure,asc,0.30000000000000004,0.10263553288165149,1.2184093015767217,0.4289024147727366
123,Failure,asc,0.35000000000000003,0.10216331992209511,1.6728907660728092,0.4289024147727366
123,Failure,asc,0.4,0.102720670187331,1.1364688834127974,0.4289024147727366
123,Failure,asc,0.45,0.10355367968710771,0.3347387111758058,0.4289024147727366
123,Failure,asc,0.5,0.10410050639626821,-0.1915547726758712,0.4289024147727366
123,Failure,asc,0.55,0.10537230325380326,-1.4155959317687123,0.4289024147727366
123,Failure,asc,0.6000000000000001,0.10733869484302988,-3.3081499397825587,0.4289024147727366
123,Failure,asc,0.65,0.10794301554420543,-3.889778528615849,0.4289024147727366
123,Failure,asc,0.7000000000000001,0.10946977360369345,-5.359207151369421,0.4289024147727366
123,Failure,asc,0.75,0.11282926291160689,-8.592548358382937,0.4289024147727366
123,Failure,asc,0.8,0.11514169092100862,-10.818145193425318,0.4289024147727366
123,Failure,asc,0.8500000000000001,0.1187129747171011,-14.255328051142868,0.4289024147727366
123,Failure,asc,0.9,0.12092205770405981,-16.381460447105876,0.4289024147727366
123,Failure,asc,0.9500000000000001,0.12688052353384077,-22.116187166619873,0.4289024147727366
123,Residual,desc,0.0,0.10390147815597967,0.0,0.4289024147727366
123,Residual,desc,0.05,0.10536011642801563,-1.4038667186680585,0.4289024147727366
123,Residual,desc,0.1,0.10610518235891588,-2.120955584123597,0.4289024147727366
123,Residual,desc,0.15000000000000002,0.10712469857369715,-3.102189184333547,0.4289024147727366
123,Residual,desc,0.2,0.10801302538857388,-3.957159518387073,0.4289024147727366
123,Residual,desc,0.25,0.10861268975109142,-4.534306613077402,0.4289024147727366
123,Residual,desc,0.30000000000000004,0.10831490478701716,-4.247703410351819,0.4289024147727366
123,Residual,desc,0.35000000000000003,0.10767914012971072,-3.6358115791768904,0.4289024147727366
123,Residual,desc,0.4,0.10669666564992192,-2.6902288047779677,0.4289024147727366
123,Residual,desc,0.45,0.10554827665551833,-1.5849615701005213,0.4289024147727366
123,Residual,desc,0.5,0.1053188767735038,-1.364175604312667,0.4289024147727366
123,Residual,desc,0.55,0.10495353852460856,-1.012555728080709,0.4289024147727366
123,Residual,desc,0.6000000000000001,0.10442611153509893,-0.5049335085797978,0.4289024147727366
123,Residual,desc,0.65,0.10314373657986674,0.7292885429169599,0.4289024147727366
123,Residual,desc,0.7000000000000001,0.10283359051506541,1.0277886896961315,0.4289024147727366
123,Residual,desc,0.75,0.1022266236971003,1.6119640342027015,0.4289024147727366
123,Residual,desc,0.8,0.10065076066898926,3.128653744569777,0.4289024147727366
123,Residual,desc,0.8500000000000001,0.10030912510950521,3.457460962279593,0.4289024147727366
123,Residual,desc,0.9,0.09934746839305371,4.383007675876714,0.4289024147727366
123,Residual,desc,0.9500000000000001,0.09982491716634202,3.923487001328124,0.4289024147727366
123,Chaos,desc,0.0,0.10390147815597967,0.0,0.4289024147727366
123,Chaos,desc,0.05,0.10414057211067988,-0.2301160281293431,0.4289024147727366
123,Chaos,desc,0.1,0.10421908923283055,-0.305684849231958,0.4289024147727366
123,Chaos,desc,0.15000000000000002,0.10434930571014302,-0.4310117258303691,0.4289024147727366
123,Chaos,desc,0.2,0.10431680010744276,-0.39972670151969025,0.4289024147727366
123,Chaos,desc,0.25,0.10432760501161772,-0.4101258838669709,0.4289024147727366
123,Chaos,desc,0.30000000000000004,0.10410280159584834,-0.19376378800544147,0.4289024147727366
123,Chaos,desc,0.35000000000000003,0.10401541338983837,-0.10965699033430798,0.4289024147727366
123,Chaos,desc,0.4,0.1038171138287627,0.08119646487638542,0.4289024147727366
123,Chaos,desc,0.45,0.10391297922374043,-0.011069205140181552,0.4289024147727366
123,Chaos,desc,0.5,0.10386688129502383,0.03329775626858217,0.4289024147727366
123,Chaos,desc,0.55,0.10380053757555133,0.09715028334515453,0.4289024147727366
123,Chaos,desc,0.6000000000000001,0.10348533550465341,0.40051658427951015,0.4289024147727366
123,Chaos,desc,0.65,0.10311692498632921,0.7550933668842147,0.4289024147727366
123,Chaos,desc,0.7000000000000001,0.10235157422393666,1.4917053727727014,0.4289024147727366
123,Chaos,desc,0.75,0.10210791775464663,1.72621259405039,0.4289024147727366
123,Chaos,desc,0.8,0.10171985032969842,2.0997081706634875,0.4289024147727366
123,Chaos,desc,0.8500000000000001,0.10142722780029219,2.38134278703241,0.4289024147727366
123,Chaos,desc,0.9,0.10174133636094733,2.07902893526642,0.4289024147727366
123,Chaos,desc,0.9500000000000001,0.10341233759560266,0.4707734375469586,0.4289024147727366
123,Failure,desc,0.0,0.10390147815597969,0.0,0.4289024147727366
123,Failure,desc,0.05,0.10120598606431254,2.59427694341423,0.4289024147727366
123,Failure,desc,0.1,0.09968091663235525,4.062080346237641,0.4289024147727366
123,Failure,desc,0.15000000000000002,0.09798565340905788,5.693686800144287,0.4289024147727366
123,Failure,desc,0.2,0.09761525998268956,6.050172033022561,0.4289024147727366
123,Failure,desc,0.25,0.09712252367420424,6.524406199109803,0.4289024147727366
123,Failure,desc,0.30000000000000004,0.09853147027172776,5.168365243264712,0.4289024147727366
123,Failure,desc,0.35000000000000003,0.09894699383256227,4.768444502762147,0.4289024147727366
123,Failure,desc,0.4,0.09868231885621041,5.023180990682478,0.4289024147727366
123,Failure,desc,0.45,0.1011652803023312,2.6334542127888123,0.4289024147727366
123,Failure,desc,0.5,0.10345661190365715,0.4281616202367158,0.4289024147727366
123,Failure,desc,0.55,0.10489445978769191,-0.9556953850276542,0.4289024147727366
123,Failure,desc,0.6000000000000001,0.10807978304721151,-4.021410441302129,0.4289024147727366
123,Failure,desc,0.65,0.11149223395985963,-7.305724556184362,0.4289024147727366
123,Failure,desc,0.7000000000000001,0.11051418761997632,-6.364403645989953,0.4289024147727366
123,Failure,desc,0.75,0.11500548584802402,-10.687054591634094,0.4289024147727366
123,Failure,desc,0.8,0.11550508489144173,-11.16789379843316,0.4289024147727366
123,Failure,desc,0.8500000000000001,0.10035826698791667,3.4101643508322974,0.4289024147727366
123,Failure,desc,0.9,0.10075966358041778,3.0238401140408553,0.4289024147727366
123,Failure,desc,0.9500000000000001,0.07244199924882086,30.278182240998554,0.4289024147727366
321,Residual,asc,0.0,0.5963776932412567,0.0,0.17215761881847175
321,Residual,asc,0.05,0.5935625102968678,0.4720469890630244,0.17215761881847175
321,Residual,asc,0.1,0.5921903338692188,0.7021321252443133,0.17215761881847175
321,Residual,asc,0.15000000000000002,0.5902563196113507,1.0264256526156865,0.17215761881847175
321,Residual,asc,0.2,0.5886033237509347,1.3035983032948442,0.17215761881847175
321,Residual,asc,0.25,0.5860148970287893,1.7376230415571987,0.17215761881847175
321,Residual,asc,0.30000000000000004,0.5838102652545696,2.107293436544264,0.17215761881847175
321,Residual,asc,0.35000000000000003,0.5817018617257897,2.46082837802084,0.17215761881847175
321,Residual,asc,0.4,0.5781928756961986,3.0492115568953126,0.17215761881847175
321,Residual,asc,0.45,0.5742489182184003,3.7105303021292704,0.17215761881847175
321,Residual,asc,0.5,0.5699878261117912,4.425025856691421,0.17215761881847175
321,Residual,asc,0.55,0.5652228824634234,5.2240067210612375,0.17215761881847175
321,Residual,asc,0.6000000000000001,0.564207873301186,5.394202416463748,0.17215761881847175
321,Residual,asc,0.65,0.5628137093660129,5.627974395357853,0.17215761881847175
321,Residual,asc,0.7000000000000001,0.5639235543464909,5.441876727209663,0.17215761881847175
321,Residual,asc,0.75,0.5616032884272216,5.830936537052454,0.17215761881847175
321,Residual,asc,0.8,0.5608863349416932,5.951154562249188,0.17215761881847175
321,Residual,asc,0.8500000000000001,0.5599799547285573,6.103135466868497,0.17215761881847175
321,Residual,asc,0.9,0.5570671400870718,6.591553238776537,0.17215761881847175
321,Residual,asc,0.9500000000000001,0.5776128260946742,3.146473679221157,0.17215761881847175
321,Chaos,asc,0.0,0.5963776932412566,0.0,0.17215761881847175
321,Chaos,asc,0.05,0.5958293341530855,0.0919482895463108,0.17215761881847175
321,Chaos,asc,0.1,0.5953083289301027,0.17930991103003927,0.17215761881847175
321,Chaos,asc,0.15000000000000002,0.5947939090998194,0.26556730061941103,0.17215761881847175
321,Chaos,asc,0.2,0.5937459874667202,0.441281725383328,0.17215761881847175
321,Chaos,asc,0.25,0.5925252361082346,0.6459760612581293,0.17215761881847175
321,Chaos,asc,0.30000000000000004,0.5911919038591524,0.869547845413172,0.17215761881847175
321,Chaos,asc,0.35000000000000003,0.5889840662655691,1.239755788903471,0.17215761881847175
321,Chaos,asc,0.4,0.585608036887736,1.8058449327620716,0.17215761881847175
321,Chaos,asc,0.45,0.5860538450635993,1.7310922750225883,0.17215761881847175
321,Chaos,asc,0.5,0.5829447417846816,2.252423524355538,0.17215761881847175
321,Chaos,asc,0.55,0.5791454303154582,2.889488175210353,0.17215761881847175
321,Chaos,asc,0.6000000000000001,0.5773255664982837,3.1946410737508204,0.17215761881847175
321,Chaos,asc,0.65,0.5717570280840968,4.128367884343356,0.17215761881847175
321,Chaos,asc,0.7000000000000001,0.5636627350489231,5.4856106395480335,0.17215761881847175
321,Chaos,asc,0.75,0.5512719904931329,7.563277979593503,0.17215761881847175
321,Chaos,asc,0.8,0.5344025699689773,10.39192511300185,0.17215761881847175
321,Chaos,asc,0.8500000000000001,0.5147203842983241,13.692213821602323,0.17215761881847175
321,Chaos,asc,0.9,0.49145909685082384,17.592642645671408,0.17215761881847175
321,Chaos,asc,0.9500000000000001,0.4363637468133058,26.830974438076318,0.17215761881847175
321,Failure,asc,0.0,0.5963776932412568,0.0,0.17215761881847175
321,Failure,asc,0.05,0.6017763730766057,-0.9052450982878988,0.17215761881847175
321,Failure,asc,0.1,0.611309104320494,-2.50368369716956,0.17215761881847175
321,Failure,asc,0.15000000000000002,0.6184498065262254,-3.7010293200285114,0.17215761881847175
321,Failure,asc,0.2,0.6180666171095824,-3.6367765116177293,0.17215761881847175
321,Failure,asc,0.25,0.6095354722500743,-2.2062828905129304,0.17215761881847175
321,Failure,asc,0.30000000000000004,0.6000644904691179,-0.6181983782498205,0.17215761881847175
321,Failure,asc,0.35000000000000003,0.5883155893537793,1.3518453119298854,0.17215761881847175
321,Failure,asc,0.4,0.588165917915066,1.3769420652809037,0.17215761881847175
321,Failure,asc,0.45,0.587400674706267,1.5052572617531224,0.17215761881847175
321,Failure,asc,0.5,0.5891102914776087,1.2185904747963316,0.17215761881847175
321,Failure,asc,0.55,0.5868485436209119,1.5978380359189606,0.17215761881847175
321,Failure,asc,0.6000000000000001,0.5855416274021477,1.8169804072006988,0.17215761881847175
321,Failure,asc,0.65,0.5755585665747152,3.4909298088249447,0.17215761881847175
321,Failure,asc,0.7000000000000001,0.5861870061944904,1.7087639531554195,0.17215761881847175
321,Failure,asc,0.75,0.5891117400106146,1.218347586267419,0.17215761881847175
321,Failure,asc,0.8,0.5723115287499442,4.035389781350684,0.17215761881847175
321,Failure,asc,0.8500000000000001,0.5764911889773155,3.3345486407883476,0.17215761881847175
321,Failure,asc,0.9,0.605625527018041,-1.550667283768289,0.17215761881847175
321,Failure,asc,0.9500000000000001,0.6280205067307018,-5.305834515283302,0.17215761881847175
321,Residual,desc,0.0,0.5963776932412567,0.0,0.17215761881847175
321,Residual,desc,0.05,0.5978265311562939,-0.2429396557679666,0.17215761881847175
321,Residual,desc,0.1,0.6021033976910676,-0.9600802502676188,0.17215761881847175
321,Residual,desc,0.15000000000000002,0.6044947141566128,-1.3610537428455631,0.17215761881847175
321,Residual,desc,0.2,0.6067652572891723,-1.7417760868050243,0.17215761881847175
321,Residual,desc,0.25,0.6096723809534202,-2.2292396014861318,0.17215761881847175
321,Residual,desc,0.30000000000000004,0.6123278634662276,-2.674508185959009,0.17215761881847175
321,Residual,desc,0.35000000000000003,0.6168987070301388,-3.4409425472224453,0.17215761881847175
321,Residual,desc,0.4,0.6203812729261157,-4.024895625187086,0.17215761881847175
321,Residual,desc,0.45,0.62491988020624,-4.785924639444382,0.17215761881847175
321,Residual,desc,0.5,0.6259901403327863,-4.965384759880739,0.17215761881847175
321,Residual,desc,0.55,0.62668643037677,-5.082137960390195,0.17215761881847175
321,Residual,desc,0.6000000000000001,0.6271854301529326,-5.165809731118342,0.17215761881847175
321,Residual,desc,0.65,0.6273719404942919,-5.197083593885683,0.17215761881847175
321,Residual,desc,0.7000000000000001,0.6297906149978785,-5.602644454225931,0.17215761881847175
321,Residual,desc,0.75,0.6320207025506612,-5.976583248056808,0.17215761881847175
321,Residual,desc,0.8,0.6316814944383211,-5.919705179647415,0.17215761881847175
321,Residual,desc,0.8500000000000001,0.6350496724672412,-6.484477817372068,0.17215761881847175
321,Residual,desc,0.9,0.6369729808791785,-6.806976199476927,0.17215761881847175
321,Residual,desc,0.9500000000000001,0.651427471501291,-9.230690363491624,0.17215761881847175
321,Chaos,desc,0.0,0.5963776932412567,0.0,0.17215761881847175
321,Chaos,desc,0.05,0.6030370859099017,-1.1166401332772595,0.17215761881847175
321,Chaos,desc,0.1,0.6063932349855252,-1.6793957684491896,0.17215761881847175
321,Chaos,desc,0.15000000000000002,0.6096442641968318,-2.2245250125759375,0.17215761881847175
321,Chaos,desc,0.2,0.6109608112989289,-2.445282280498174,0.17215761881847175
321,Chaos,desc,0.25,0.610997828378969,-2.4514892665172066,0.17215761881847175
321,Chaos,desc,0.30000000000000004,0.6102344995077047,-2.3234950641995997,0.17215761881847175
321,Chaos,desc,0.35000000000000003,0.6096712680047517,-2.2290529833947494,0.17215761881847175
321,Chaos,desc,0.4,0.6090797134875218,-2.129861728602023,0.17215761881847175
321,Chaos,desc,0.45,0.6106337873543427,-2.390447240842545,0.17215761881847175
321,Chaos,desc,0.5,0.6098426455077774,-2.2577893873494883,0.17215761881847175
321,Chaos,desc,0.55,0.609393964884363,-2.182555080550407,0.17215761881847175
321,Chaos,desc,0.6000000000000001,0.6127620721112403,-2.7473158462611362,0.17215761881847175
321,Chaos,desc,0.65,0.6105828120639609,-2.3818997564279725,0.17215761881847175
321,Chaos,desc,0.7000000000000001,0.608852934516222,-2.0918356632629216,0.17215761881847175
321,Chaos,desc,0.75,0.6084003982392484,-2.0159548444291184,0.17215761881847175
321,Chaos,desc,0.8,0.6073330247818054,-1.836978757707642,0.17215761881847175
321,Chaos,desc,0.8500000000000001,0.6057603556471869,-1.573275210032812,0.17215761881847175
321,Chaos,desc,0.9,0.6063741828935248,-1.6762011332010427,0.17215761881847175
321,Chaos,desc,0.9500000000000001,0.6071279589281677,-1.802593525670684,0.17215761881847175
321,Failure,desc,0.0,0.5963776932412567,0.0,0.17215761881847175
321,Failure,desc,0.05,0.593142417755342,0.542487675608926,0.17215761881847175
321,Failure,desc,0.1,0.5944443224765282,0.3241856271016357,0.17215761881847175
321,Failure,desc,0.15000000000000002,0.6023527112421754,-1.0018848908390667,0.17215761881847175
321,Failure,desc,0.2,0.6071996991599048,-1.8146228541566574,0.17215761881847175
321,Failure,desc,0.25,0.601029204765716,-0.779960682160793,0.17215761881847175
321,Failure,desc,0.30000000000000004,0.6049469014495833,-1.4368760443996134,0.17215761881847175
321,Failure,desc,0.35000000000000003,0.618736669799719,-3.749130259541294,0.17215761881847175
321,Failure,desc,0.4,0.6116275442144741,-2.5570793720227694,0.17215761881847175
321,Failure,desc,0.45,0.6124999504847799,-2.703363560749611,0.17215761881847175
321,Failure,desc,0.5,0.6114487738182485,-2.5271033353179084,0.17215761881847175
321,Failure,desc,0.55,0.620283074033228,-4.00842973553351,0.17215761881847175
321,Failure,desc,0.6000000000000001,0.6230838886591905,-4.478067459697928,0.17215761881847175
321,Failure,desc,0.65,0.6274468729901883,-5.209648197952135,0.17215761881847175
321,Failure,desc,0.7000000000000001,0.5766437959531917,3.3089596595763138,0.17215761881847175
321,Failure,desc,0.75,0.49581043330290364,16.863015011808947,0.17215761881847175
321,Failure,desc,0.8,0.31629365333654397,46.964204576881855,0.17215761881847175
321,Failure,desc,0.8500000000000001,0.22216159161723267,62.74817215080508,0.17215761881847175
321,Failure,desc,0.9,0.14108762012311324,76.34257254721997,0.17215761881847175
321,Failure,desc,0.9500000000000001,0.11260832727425496,81.11795116577227,0.17215761881847175
1234,Residual,asc,0.0,0.07796586426867155,0.0,0.4277388192681124
1234,Residual,asc,0.05,0.07802811827940036,-0.0798477786564081,0.4277388192681124
1234,Residual,asc,0.1,0.07813259658130305,-0.21385296526301667,0.4277388192681124
1234,Residual,asc,0.15000000000000002,0.07818723400512535,-0.2839316135725197,0.4277388192681124
1234,Residual,asc,0.2,0.07824137213081755,-0.35336985580843094,0.4277388192681124
1234,Residual,asc,0.25,0.07836947771517437,-0.5176796926305594,0.4277388192681124
1234,Residual,asc,0.30000000000000004,0.07850982154803782,-0.697686461207919,0.4277388192681124
1234,Residual,asc,0.35000000000000003,0.07827646058446137,-0.398374748620116,0.4277388192681124
1234,Residual,asc,0.4,0.07783772549499558,0.1643524058611115,0.4277388192681124
1234,Residual,asc,0.45,0.07717074764200188,1.0198266050507552,0.4277388192681124
1234,Residual,asc,0.5,0.07645002977155495,1.9442284278322328,0.4277388192681124
1234,Residual,asc,0.55,0.07543964106643242,3.240165713463693,0.4277388192681124
1234,Residual,asc,0.6000000000000001,0.07463511383330061,4.272062480950797,0.4277388192681124
1234,Residual,asc,0.65,0.07491386226043684,3.914536235649837,0.4277388192681124
1234,Residual,asc,0.7000000000000001,0.0744574376578149,4.499952182620025,0.4277388192681124
1234,Residual,asc,0.75,0.07281846271373506,6.602122099485067,0.4277388192681124
1234,Residual,asc,0.8,0.07091805319550984,9.039611295624004,0.4277388192681124
1234,Residual,asc,0.8500000000000001,0.0689541311368558,11.558562476471982,0.4277388192681124
1234,Residual,asc,0.9,0.06571976172859426,15.707005437504087,0.4277388192681124
1234,Residual,asc,0.9500000000000001,0.05834150345469156,25.17045247693805,0.4277388192681124
1234,Chaos,asc,0.0,0.07796586426867154,0.0,0.4277388192681124
1234,Chaos,asc,0.05,0.07827498548824358,-0.3964827716227198,0.4277388192681124
1234,Chaos,asc,0.1,0.0787218177627586,-0.9695954776850026,0.4277388192681124
1234,Chaos,asc,0.15000000000000002,0.0793490378627688,-1.774075881889569,0.4277388192681124
1234,Chaos,asc,0.2,0.07999563302558173,-2.6034069858003175,0.4277388192681124
1234,Chaos,asc,0.25,0.08075844213023234,-3.5817955559852885,0.4277388192681124
1234,Chaos,asc,0.30000000000000004,0.08073264080142446,-3.5487024465201467,0.4277388192681124
1234,Chaos,asc,0.35000000000000003,0.08064660762340285,-3.4383552082401487,0.4277388192681124
1234,Chaos,asc,0.4,0.08063317610656082,-3.4211277754809215,0.4277388192681124
1234,Chaos,asc,0.45,0.08100562754426835,-3.89883868294173,0.4277388192681124
1234,Chaos,asc,0.5,0.08164622478806406,-4.720476780338053,0.4277388192681124
1234,Chaos,asc,0.55,0.08208097526248181,-5.278093217346429,0.4277388192681124
1234,Chaos,asc,0.6000000000000001,0.08244646793378213,-5.7468787233222525,0.4277388192681124
1234,Chaos,asc,0.65,0.08270733200820524,-6.0814662724632,0.4277388192681124
1234,Chaos,asc,0.7000000000000001,0.08315008373779517,-6.6493452201834575,0.4277388192681124
1234,Chaos,asc,0.75,0.08329313118573606,-6.832819679528821,0.4277388192681124
1234,Chaos,asc,0.8,0.08339996839522129,-6.969850430726641,0.4277388192681124
1234,Chaos,asc,0.8500000000000001,0.08319391120282076,-6.7055588791182865,0.4277388192681124
1234,Chaos,asc,0.9,0.0843260013041578,-8.157591909157997,0.4277388192681124
1234,Chaos,asc,0.9500000000000001,0.08475164443454938,-8.703527151951967,0.4277388192681124
1234,Failure,asc,0.0,0.07796586426867153,0.0,0.4277388192681124
1234,Failure,asc,0.05,0.07912952130341051,-1.4925211766126374,0.4277388192681124
1234,Failure,asc,0.1,0.08019190368130617,-2.8551462021426235,0.4277388192681124
1234,Failure,asc,0.15000000000000002,0.07929651293011601,-1.7067067413747268,0.4277388192681124
1234,Failure,asc,0.2,0.07848917714645841,-0.6712076915912057,0.4277388192681124
1234,Failure,asc,0.25,0.07814908866357521,-0.23500591781076755,0.4277388192681124
1234,Failure,asc,0.30000000000000004,0.07835193115136387,-0.49517424877373006,0.4277388192681124
1234,Failure,asc,0.35000000000000003,0.07931843119267941,-1.7348193811421342,0.4277388192681124
1234,Failure,asc,0.4,0.08051659073568891,-3.2715939096468487,0.4277388192681124
1234,Failure,asc,0.45,0.08087636739227028,-3.733047983113628,0.4277388192681124
1234,Failure,asc,0.5,0.08081736302000775,-3.6573682317044756,0.4277388192681124
1234,Failure,asc,0.55,0.08120771486780808,-4.158038430722817,0.4277388192681124
1234,Failure,asc,0.6000000000000001,0.08187931211729717,-5.0194375260688995,0.4277388192681124
1234,Failure,asc,0.65,0.08346537839381625,-7.053746119190467,0.4277388192681124
1234,Failure,asc,0.7000000000000001,0.08262514573606113,-5.976053124138594,0.4277388192681124
1234,Failure,asc,0.75,0.08272715370231898,-6.106889827117133,0.4277388192681124
1234,Failure,asc,0.8,0.08406672624787569,-7.825042454708769,0.4277388192681124
1234,Failure,asc,0.8500000000000001,0.0866298092669887,-11.1124850337849,0.4277388192681124
1234,Failure,asc,0.9,0.0874087010483804,-12.111501447824295,0.4277388192681124
1234,Failure,asc,0.9500000000000001,0.08850492988340253,-13.517538365781757,0.4277388192681124
1234,Residual,desc,0.0,0.07796586426867158,0.0,0.4277388192681124
1234,Residual,desc,0.05,0.07894085044296029,-1.2505295534580212,0.4277388192681124
1234,Residual,desc,0.1,0.07926557371764152,-1.6670237175735287,0.4277388192681124
1234,Residual,desc,0.15000000000000002,0.07955131874793689,-2.033523894254295,0.4277388192681124
1234,Residual,desc,0.2,0.07977266934844603,-2.317430963823049,0.4277388192681124
1234,Residual,desc,0.25,0.07977527376556784,-2.3207714220431197,0.4277388192681124
1234,Residual,desc,0.30000000000000004,0.07959650025834313,-2.0914742688573904,0.4277388192681124
1234,Residual,desc,0.35000000000000003,0.07981075777046663,-2.3662836538789827,0.4277388192681124
1234,Residual,desc,0.4,0.08049573315733771,-3.244841716816175,0.4277388192681124
1234,Residual,desc,0.45,0.08029541438425944,-2.987910334143405,0.4277388192681124
1234,Residual,desc,0.5,0.07967959146447423,-2.198048096917286,0.4277388192681124
1234,Residual,desc,0.55,0.07907004385263199,-1.416234648737279,0.4277388192681124
1234,Residual,desc,0.6000000000000001,0.07818692211107924,-0.28353157433859194,0.4277388192681124
1234,Residual,desc,0.65,0.07735799104112108,0.7796658617876158,0.4277388192681124
1234,Residual,desc,0.7000000000000001,0.0765816657737149,1.775390432647173,0.4277388192681124
1234,Residual,desc,0.75,0.07671659788038422,1.6023248122824216,0.4277388192681124
1234,Residual,desc,0.8,0.07684439796738089,1.438406810224149,0.4277388192681124
1234,Residual,desc,0.8500000000000001,0.07666698655768883,1.6659569199499873,0.4277388192681124
1234,Residual,desc,0.9,0.07650431178931592,1.8746056278156868,0.4277388192681124
1234,Residual,desc,0.9500000000000001,0.07678622889662677,1.5130151933925444,0.4277388192681124
1234,Chaos,desc,0.0,0.07796586426867155,0.0,0.4277388192681124
1234,Chaos,desc,0.05,0.0775928261171996,0.4784634339285422,0.4277388192681124
1234,Chaos,desc,0.1,0.07726456795359346,0.8994914911241346,0.4277388192681124
1234,Chaos,desc,0.15000000000000002,0.07699826899323613,1.2410498934521885,0.4277388192681124
1234,Chaos,desc,0.2,0.07655426614478847,1.810533541985369,0.4277388192681124
1234,Chaos,desc,0.25,0.07609444548723814,2.4003053118022013,0.4277388192681124
1234,Chaos,desc,0.30000000000000004,0.07564005477135193,2.9831125700150687,0.4277388192681124
1234,Chaos,desc,0.35000000000000003,0.07527027923249081,3.4573913358950428,0.4277388192681124
1234,Chaos,desc,0.4,0.07481427500920837,4.042268099026978,0.4277388192681124
1234,Chaos,desc,0.45,0.07438684506480599,4.590495131987778,0.4277388192681124
1234,Chaos,desc,0.5,0.0740089478071046,5.075190916798359,0.4277388192681124
1234,Chaos,desc,0.55,0.07393146804339334,5.174567438097803,0.4277388192681124
1234,Chaos,desc,0.6000000000000001,0.07355326164448547,5.659659731315469,0.4277388192681124
1234,Chaos,desc,0.65,0.07245758157057189,7.064992801359886,0.4277388192681124
1234,Chaos,desc,0.7000000000000001,0.07064976674293018,9.383718880521855,0.4277388192681124
1234,Chaos,desc,0.75,0.0680932942519066,12.662682712967719,0.4277388192681124
1234,Chaos,desc,0.8,0.0685297321221529,12.102902000805896,0.4277388192681124
1234,Chaos,desc,0.8500000000000001,0.06906565229059727,11.415524039346263,0.4277388192681124
1234,Chaos,desc,0.9,0.07030173504660082,9.830108719964961,0.4277388192681124
1234,Chaos,desc,0.9500000000000001,0.07132117444043587,8.522562906938326,0.4277388192681124
1234,Failure,desc,0.0,0.0779658642686716,0.0,0.4277388192681124
1234,Failure,desc,0.05,0.07675554401125018,1.5523720140530166,0.4277388192681124
1234,Failure,desc,0.1,0.0756231269480119,3.0048244095474668,0.4277388192681124
1234,Failure,desc,0.15000000000000002,0.0744069001744603,4.564772195620179,0.4277388192681124
1234,Failure,desc,0.2,0.07432220013487129,4.673409533746955,0.4277388192681124
1234,Failure,desc,0.25,0.07411157413431163,4.943561096274158,0.4277388192681124
1234,Failure,desc,0.30000000000000004,0.07310489488899113,6.234740582018668,0.4277388192681124
1234,Failure,desc,0.35000000000000003,0.07035891386680808,9.756770444626696,0.4277388192681124
1234,Failure,desc,0.4,0.07109997049448775,8.806281875519089,0.4277388192681124
1234,Failure,desc,0.45,0.07073602122400441,9.273087796157858,0.4277388192681124
1234,Failure,desc,0.5,0.06993323516523273,10.302751311469212,0.4277388192681124
1234,Failure,desc,0.55,0.06807292571658871,12.68880765304116,0.4277388192681124
1234,Failure,desc,0.6000000000000001,0.06734371476717727,13.62410280592829,0.4277388192681124
1234,Failure,desc,0.65,0.07038922233356731,9.717896423228316,0.4277388192681124
1234,Failure,desc,0.7000000000000001,0.07494305510876145,3.8770931205142474,0.4277388192681124
1234,Failure,desc,0.75,0.07607805897528082,2.421322858533793,0.4277388192681124
1234,Failure,desc,0.8,0.07136461865276765,8.466840812738186,0.4277388192681124
1234,Failure,desc,0.8500000000000001,0.05766130099963881,26.042888717378855,0.4277388192681124
1234,Failure,desc,0.9,0.03544949480521635,54.532031245037146,0.4277388192681124
1234,Failure,desc,0.9500000000000001,0.019388033273828043,75.13266420414891,0.4277388192681124
4321,Residual,asc,0.0,0.13244736681223163,0.0,0.4906039031411174
4321,Residual,asc,0.05,0.13235746780286567,0.06787527115839544,0.4906039031411174
4321,Residual,asc,0.1,0.13248925425388638,-0.03162572625104875,0.4906039031411174
4321,Residual,asc,0.15000000000000002,0.1324926720684887,-0.034206234029020066,0.4906039031411174
4321,Residual,asc,0.2,0.13219939174200832,0.1872253682286193,0.4906039031411174
4321,Residual,asc,0.25,0.13210778592040676,0.2563893114661071,0.4906039031411174
4321,Residual,asc,0.30000000000000004,0.13236377436283686,0.06311371181374442,0.4906039031411174
4321,Residual,asc,0.35000000000000003,0.1323909528046309,0.042593529005908744,0.4906039031411174
4321,Residual,asc,0.4,0.13177265343267705,0.5094200026725373,0.4906039031411174
4321,Residual,asc,0.45,0.13056639869079295,1.4201627157339352,0.4906039031411174
4321,Residual,asc,0.5,0.1291216201731081,2.5109949100297153,0.4906039031411174
4321,Residual,asc,0.55,0.12805628412979886,3.315341624464253,0.4906039031411174
4321,Residual,asc,0.6000000000000001,0.12546523527917158,5.271627289471517,0.4906039031411174
4321,Residual,asc,0.65,0.12271854266247376,7.345426627884764,0.4906039031411174
4321,Residual,asc,0.7000000000000001,0.1193097291263326,9.91913844880286,0.4906039031411174
4321,Residual,asc,0.75,0.1158920798125716,12.499521431128317,0.4906039031411174
4321,Residual,asc,0.8,0.11031498527869843,16.710322044310548,0.4906039031411174
4321,Residual,asc,0.8500000000000001,0.10434250516031972,21.21964545490413,0.4906039031411174
4321,Residual,asc,0.9,0.09554856744161407,27.859217029907708,0.4906039031411174
4321,Residual,asc,0.9500000000000001,0.08196269749475148,38.11677840983536,0.4906039031411174
4321,Chaos,asc,0.0,0.1324473668122316,0.0,0.4906039031411174
4321,Chaos,asc,0.05,0.13246214283997051,-0.011156150623865647,0.4906039031411174
4321,Chaos,asc,0.1,0.13257310392419286,-0.09493364419959807,0.4906039031411174
4321,Chaos,asc,0.15000000000000002,0.1324482674473285,-0.0006799947168196127,0.4906039031411174
4321,Chaos,asc,0.2,0.13252190565007976,-0.05627808211078843,0.4906039031411174
4321,Chaos,asc,0.25,0.1327428719341277,-0.2231113603904549,0.4906039031411174
4321,Chaos,asc,0.30000000000000004,0.13240360460095307,0.033041208996299753,0.4906039031411174
4321,Chaos,asc,0.35000000000000003,0.1324396699395612,0.005811268925656608,0.4906039031411174
4321,Chaos,asc,0.4,0.13230377965865553,0.10841072724354739,0.4906039031411174
4321,Chaos,asc,0.45,0.13203006960124342,0.31506644566197944,0.4906039031411174
4321,Chaos,asc,0.5,0.13207600518899906,0.2803843007003746,0.4906039031411174
4321,Chaos,asc,0.55,0.13120524709305148,0.9378213769557611,0.4906039031411174
4321,Chaos,asc,0.6000000000000001,0.13170666161249364,0.5592449420214158,0.4906039031411174
4321,Chaos,asc,0.65,0.13064467413882078,1.361063429797339,0.4906039031411174
4321,Chaos,asc,0.7000000000000001,0.13025626507100604,1.6543188392199915,0.4906039031411174
4321,Chaos,asc,0.75,0.12829897050571404,3.1321093098050574,0.4906039031411174
4321,Chaos,asc,0.8,0.12625926021453113,4.672125046074525,0.4906039031411174
4321,Chaos,asc,0.8500000000000001,0.12444004978064896,6.045659664140003,0.4906039031411174
4321,Chaos,asc,0.9,0.12052598001356184,9.000848477093932,0.4906039031411174
4321,Chaos,asc,0.9500000000000001,0.11649869190707353,12.041519049426054,0.4906039031411174
4321,Failure,asc,0.0,0.1324473668122316,0.0,0.4906039031411174
4321,Failure,asc,0.05,0.13463496562546354,-1.651674069393362,0.4906039031411174
4321,Failure,asc,0.1,0.13692943189273243,-3.3840348723995275,0.4906039031411174
4321,Failure,asc,0.15000000000000002,0.13675184572218646,-3.249954312838283,0.4906039031411174
4321,Failure,asc,0.2,0.13694371585147602,-3.394819502617083,0.4906039031411174
4321,Failure,asc,0.25,0.13751935251642142,-3.8294349115904187,0.4906039031411174
4321,Failure,asc,0.30000000000000004,0.13873952798871197,-4.750688011337113,0.4906039031411174
4321,Failure,asc,0.35000000000000003,0.14085103327508258,-6.344910182144066,0.4906039031411174
4321,Failure,asc,0.4,0.14474382028887078,-9.284030156727585,0.4906039031411174
4321,Failure,asc,0.45,0.1466164701413456,-10.697912438834138,0.4906039031411174
4321,Failure,asc,0.5,0.1486590567566044,-12.240099848384183,0.4906039031411174
4321,Failure,asc,0.55,0.1527058548165125,-15.295500765221718,0.4906039031411174
4321,Failure,asc,0.6000000000000001,0.15566873692407063,-17.532526822341115,0.4906039031411174
4321,Failure,asc,0.65,0.15881338297998104,-19.906787731860387,0.4906039031411174
4321,Failure,asc,0.7000000000000001,0.16291227536410552,-23.0015207437559,0.4906039031411174
4321,Failure,asc,0.75,0.1669618731394481,-26.059035493055244,0.4906039031411174
4321,Failure,asc,0.8,0.17313672805985955,-30.721155298853603,0.4906039031411174
4321,Failure,asc,0.8500000000000001,0.18056747004391643,-36.33149105931558,0.4906039031411174
4321,Failure,asc,0.9,0.19383989806724025,-46.35239849052176,0.4906039031411174
4321,Failure,asc,0.9500000000000001,0.1967347823965622,-48.53808507606632,0.4906039031411174
4321,Residual,desc,0.0,0.13244736681223163,0.0,0.4906039031411174
4321,Residual,desc,0.05,0.13465693823001124,-1.6682637571134817,0.4906039031411174
4321,Residual,desc,0.1,0.13566604920237144,-2.430159592906729,0.4906039031411174
4321,Residual,desc,0.15000000000000002,0.136487664475746,-3.050493007718486,0.4906039031411174
4321,Residual,desc,0.2,0.1372174021239666,-3.6014572630178256,0.4906039031411174
4321,Residual,desc,0.25,0.13726833194212257,-3.6399101363227113,0.4906039031411174
4321,Residual,desc,0.30000000000000004,0.1374171876892561,-3.7522987407292865,0.4906039031411174
4321,Residual,desc,0.35000000000000003,0.13719618148647775,-3.5854353231336304,0.4906039031411174
4321,Residual,desc,0.4,0.13675135337883124,-3.249582585285594,0.4906039031411174
4321,Residual,desc,0.45,0.1358520881780686,-2.5706221631901425,0.4906039031411174
4321,Residual,desc,0.5,0.1355612761391886,-2.3510541597792,0.4906039031411174
4321,Residual,desc,0.55,0.13460528831969204,-1.6292672020574501,0.4906039031411174
4321,Residual,desc,0.6000000000000001,0.1334103713800638,-0.7270847212820943,0.4906039031411174
4321,Residual,desc,0.65,0.13256596527144415,-0.08954384074744323,0.4906039031411174
4321,Residual,desc,0.7000000000000001,0.1326435163940397,-0.14809624874321467,0.4906039031411174
4321,Residual,desc,0.75,0.1334064948337256,-0.724157863292002,0.4906039031411174
4321,Residual,desc,0.8,0.13338351825799927,-0.7068101603671798,0.4906039031411174
4321,Residual,desc,0.8500000000000001,0.1321787144679707,0.2028370595255376,0.4906039031411174
4321,Residual,desc,0.9,0.13207496660158416,0.28116845174839306,0.4906039031411174
4321,Residual,desc,0.9500000000000001,0.1342224883202552,-1.340246734040508,0.4906039031411174
4321,Chaos,desc,0.0,0.13244736681223163,0.0,0.4906039031411174
4321,Chaos,desc,0.05,0.1332506340570649,-0.6064803432234628,0.4906039031411174
4321,Chaos,desc,0.1,0.13375591468840242,-0.9879757579672398,0.4906039031411174
4321,Chaos,desc,0.15000000000000002,0.13381941833405617,-1.0359220835017997,0.4906039031411174
4321,Chaos,desc,0.2,0.13394953392015205,-1.1341615496592077,0.4906039031411174
4321,Chaos,desc,0.25,0.13382509784106938,-1.040210207267423,0.4906039031411174
4321,Chaos,desc,0.30000000000000004,0.13338863481376398,-0.7106732464275959,0.4906039031411174
4321,Chaos,desc,0.35000000000000003,0.13340580133401525,-0.7236342592921312,0.4906039031411174
4321,Chaos,desc,0.4,0.13292818510582333,-0.36302593638826236,0.4906039031411174
4321,Chaos,desc,0.45,0.1334630495684383,-0.7668576436454088,0.4906039031411174
4321,Chaos,desc,0.5,0.13282072672973885,-0.28189304664435694,0.4906039031411174
4321,Chaos,desc,0.55,0.1329377977556022,-0.3702836494030401,0.4906039031411174
4321,Chaos,desc,0.6000000000000001,0.1326609714441298,-0.16127510651155674,0.4906039031411174
4321,Chaos,desc,0.65,0.13245735718390314,-0.007542899426364269,0.4906039031411174
4321,Chaos,desc,0.7000000000000001,0.1325324422026644,-0.06423335735575413,0.4906039031411174
4321,Chaos,desc,0.75,0.13152475177713263,0.6965899415780537,0.4906039031411174
4321,Chaos,desc,0.8,0.13215271119471708,0.22246997022769996,0.4906039031411174
4321,Chaos,desc,0.8500000000000001,0.13240848752320084,0.029354520189072142,0.4906039031411174
4321,Chaos,desc,0.9,0.13129784889927634,0.867905448497844,0.4906039031411174
4321,Chaos,desc,0.9500000000000001,0.13218029614789553,0.2016428644555205,0.4906039031411174
4321,Failure,desc,0.0,0.13244736681223165,0.0,0.4906039031411174
4321,Failure,desc,0.05,0.12387465606215396,6.472541475461023,0.4906039031411174
4321,Failure,desc,0.1,0.11556941609924881,12.743137986963848,0.4906039031411174
4321,Failure,desc,0.15000000000000002,0.11102726641493987,16.17253775053051,0.4906039031411174
4321,Failure,desc,0.2,0.1060849471681711,19.904072295702264,0.4906039031411174
4321,Failure,desc,0.25,0.10229409185234054,22.766232115915823,0.4906039031411174
4321,Failure,desc,0.30000000000000004,0.09689761997528774,26.84065957108998,0.4906039031411174
4321,Failure,desc,0.35000000000000003,0.09283786394561166,29.905843974062314,0.4906039031411174
4321,Failure,desc,0.4,0.08807149066633506,33.504536340694116,0.4906039031411174
4321,Failure,desc,0.45,0.0829926013051727,37.33918362995477,0.4906039031411174
4321,Failure,desc,0.5,0.08167778980469584,38.33188853011398,0.4906039031411174
4321,Failure,desc,0.55,0.07838003137291914,40.82175187066032,0.4906039031411174
4321,Failure,desc,0.6000000000000001,0.07411373620703895,44.04287681150451,0.4906039031411174
4321,Failure,desc,0.65,0.0751030984574904,43.29589159446049,0.4906039031411174
4321,Failure,desc,0.7000000000000001,0.07420411802855474,43.97463700901458,0.4906039031411174
4321,Failure,desc,0.75,0.07115088130962173,46.27988232450774,0.4906039031411174
4321,Failure,desc,0.8,0.06472108272671515,51.13448890345317,0.4906039031411174
4321,Failure,desc,0.8500000000000001,0.05471413471335356,58.68990374801422,0.4906039031411174
4321,Failure,desc,0.9,0.035233812390874614,73.39787627425997,0.4906039031411174
4321,Failure,desc,0.9500000000000001,0.02820848043709227,78.70212061136486,0.4906039031411174
12345,Residual,asc,0.0,0.759507519817213,0.0,0.07252154707380568
12345,Residual,asc,0.05,0.7532568033263124,0.8229959977756267,0.07252154707380568
12345,Residual,asc,0.1,0.746960604601576,1.6519803804782085,0.07252154707380568
12345,Residual,asc,0.15000000000000002,0.738683547841905,2.7417729820923364,0.07252154707380568
12345,Residual,asc,0.2,0.7321877180223685,3.5970416463314843,0.07252154707380568
12345,Residual,asc,0.25,0.7255536669128374,4.47050911524182,0.07252154707380568
12345,Residual,asc,0.30000000000000004,0.7190893816324332,5.32162449089471,0.07252154707380568
12345,Residual,asc,0.35000000000000003,0.7141818423984729,5.967772041236453,0.07252154707380568
12345,Residual,asc,0.4,0.7079511329260788,6.788133829608692,0.07252154707380568
12345,Residual,asc,0.45,0.7020938273626993,7.559331666437107,0.07252154707380568
12345,Residual,asc,0.5,0.6937037290505302,8.664007801070808,0.07252154707380568
12345,Residual,asc,0.55,0.6845267202557975,9.872291926676477,0.07252154707380568
12345,Residual,asc,0.6000000000000001,0.6757427944068732,11.028821074806343,0.07252154707380568
12345,Residual,asc,0.65,0.6640773738397727,12.564740109539269,0.07252154707380568
12345,Residual,asc,0.7000000000000001,0.6476224914066497,14.731260124651573,0.07252154707380568
12345,Residual,asc,0.75,0.6285133030329635,17.24725738275445,0.07252154707380568
12345,Residual,asc,0.8,0.6210926147513697,18.22429685741031,0.07252154707380568
12345,Residual,asc,0.8500000000000001,0.6113682229279068,19.50465176762939,0.07252154707380568
12345,Residual,asc,0.9,0.5972592853047108,21.362294681631283,0.07252154707380568
12345,Residual,asc,0.9500000000000001,0.49850824317919673,34.36427814445204,0.07252154707380568
12345,Chaos,asc,0.0,0.7595075198172125,0.0,0.07252154707380568
12345,Chaos,asc,0.05,0.7564880642413928,0.3975544016399481,0.07252154707380568
12345,Chaos,asc,0.1,0.7560296725697991,0.4579082045494955,0.07252154707380568
12345,Chaos,asc,0.15000000000000002,0.7565298133364332,0.39205753769178764,0.07252154707380568
12345,Chaos,asc,0.2,0.7577858215266112,0.2266861414375026,0.07252154707380568
12345,Chaos,asc,0.25,0.7585113462499623,0.13116046138555426,0.07252154707380568
12345,Chaos,asc,0.30000000000000004,0.7601601765437104,-0.08593156874271735,0.07252154707380568
12345,Chaos,asc,0.35000000000000003,0.7604218981880825,-0.1203909569045477,0.07252154707380568
12345,Chaos,asc,0.4,0.7600837762508252,-0.0758723802697021,0.07252154707380568
12345,Chaos,asc,0.45,0.7603618838161152,-0.11248920867937208,0.07252154707380568
12345,Chaos,asc,0.5,0.7609760659802425,-0.19335505241388085,0.07252154707380568
12345,Chaos,asc,0.55,0.7606664066335369,-0.1525839818680494,0.07252154707380568
12345,Chaos,asc,0.6000000000000001,0.7615178875761255,-0.26469359505443374,0.07252154707380568
12345,Chaos,asc,0.65,0.7628653070272041,-0.4421005878651057,0.07252154707380568
12345,Chaos,asc,0.7000000000000001,0.7591957166883939,0.04105333004387661,0.07252154707380568
12345,Chaos,asc,0.75,0.7584925572369104,0.13363430299496692,0.07252154707380568
12345,Chaos,asc,0.8,0.7592879439653352,0.028910293334583205,0.07252154707380568
12345,Chaos,asc,0.8500000000000001,0.7622395427258154,-0.35970979053115426,0.07252154707380568
12345,Chaos,asc,0.9,0.7566073481839911,0.3818489689107224,0.07252154707380568
12345,Chaos,asc,0.9500000000000001,0.7720652637767299,-1.6534061390912342,0.07252154707380568
12345,Failure,asc,0.0,0.7595075198172133,0.0,0.07252154707380568
12345,Failure,asc,0.05,0.7647998532762319,-0.6968111994851955,0.07252154707380568
12345,Failure,asc,0.1,0.7740120930550612,-1.909733986746921,0.07252154707380568
12345,Failure,asc,0.15000000000000002,0.7837667037567225,-3.1940676433786384,0.07252154707380568
12345,Failure,asc,0.2,0.7946610082440639,-4.628458245589303,0.07252154707380568
12345,Failure,asc,0.25,0.8071523132164131,-6.2731167442115945,0.07252154707380568
12345,Failure,asc,0.30000000000000004,0.8185130477772261,-7.768919519613624,0.07252154707380568
12345,Failure,asc,0.35000000000000003,0.8188663879827902,-7.815441798372515,0.07252154707380568
12345,Failure,asc,0.4,0.8090582141437102,-6.524055790576233,0.07252154707380568
12345,Failure,asc,0.45,0.7994908903342667,-5.264381125110644,0.07252154707380568
12345,Failure,asc,0.5,0.7939298071967191,-4.532185196506026,0.07252154707380568
12345,Failure,asc,0.55,0.793872299576758,-4.524613497943385,0.07252154707380568
12345,Failure,asc,0.6000000000000001,0.7732853306188425,-1.8140453441389286,0.07252154707380568
12345,Failure,asc,0.65,0.7407688926411461,2.467207590067963,0.07252154707380568
12345,Failure,asc,0.7000000000000001,0.7132106072589796,6.095649002840129,0.07252154707380568
12345,Failure,asc,0.75,0.6692632091771127,11.881950907058728,0.07252154707380568
12345,Failure,asc,0.8,0.6449774080933931,15.0795230771887,0.07252154707380568
12345,Failure,asc,0.8500000000000001,0.5966283576670666,21.44536530584266,0.07252154707380568
12345,Failure,asc,0.9,0.5741278599340176,24.40787682099712,0.07252154707380568
12345,Failure,asc,0.9500000000000001,0.6662098073171121,12.283974821283493,0.07252154707380568
12345,Residual,desc,0.0,0.759507519817213,0.0,0.07252154707380568
12345,Residual,desc,0.05,0.776839526028183,-2.2820058733771567,0.07252154707380568
12345,Residual,desc,0.1,0.7839916168308152,-3.2236806581578916,0.07252154707380568
12345,Residual,desc,0.15000000000000002,0.7948939654892374,-4.6591303902482375,0.07252154707380568
12345,Residual,desc,0.2,0.8064825878618642,-6.1849378470876095,0.07252154707380568
12345,Residual,desc,0.25,0.8163202224951794,-7.480202788728055,0.07252154707380568
12345,Residual,desc,0.30000000000000004,0.8222971211581857,-8.267146763218873,0.07252154707380568
12345,Residual,desc,0.35000000000000003,0.8276056714396404,-8.966093138724451,0.07252154707380568
12345,Residual,desc,0.4,0.835182518016863,-9.963693080729787,0.07252154707380568
12345,Residual,desc,0.45,0.8439807732533644,-11.122108897154986,0.07252154707380568
12345,Residual,desc,0.5,0.8515681433287783,-12.121094407823781,0.07252154707380568
12345,Residual,desc,0.55,0.8578401517423478,-12.946893790966033,0.07252154707380568
12345,Residual,desc,0.6000000000000001,0.868088635568516,-14.296252889956207,0.07252154707380568
12345,Residual,desc,0.65,0.8785188053850294,-15.669533541479385,0.07252154707380568
12345,Residual,desc,0.7000000000000001,0.89354972003305,-17.648567883580178,0.07252154707380568
12345,Residual,desc,0.75,0.9067862849683208,-19.391350488083738,0.07252154707380568
12345,Residual,desc,0.8,0.9165557395288464,-20.67763855049512,0.07252154707380568
12345,Residual,desc,0.8500000000000001,0.9241056048512931,-21.671686025398824,0.07252154707380568
12345,Residual,desc,0.9,0.9216270362784181,-21.345347113906346,0.07252154707380568
12345,Residual,desc,0.9500000000000001,0.9301180872841878,-22.463315110827974,0.07252154707380568
12345,Chaos,desc,0.0,0.759507519817213,0.0,0.07252154707380568
12345,Chaos,desc,0.05,0.7587757577319671,0.09634691772662694,0.07252154707380568
12345,Chaos,desc,0.1,0.7597731833365144,-0.03497839223045457,0.07252154707380568
12345,Chaos,desc,0.15000000000000002,0.7589347457662906,0.0754138749093916,0.07252154707380568
12345,Chaos,desc,0.2,0.7594880483319092,0.0025636988174226887,0.07252154707380568
12345,Chaos,desc,0.25,0.7598566418576839,-0.045966897148682004,0.07252154707380568
12345,Chaos,desc,0.30000000000000004,0.7596664721679697,-0.020928344566614132,0.07252154707380568
12345,Chaos,desc,0.35000000000000003,0.7576540629229284,0.2440340412601424,0.07252154707380568
12345,Chaos,desc,0.4,0.7581652192599291,0.17673301741725336,0.07252154707380568
12345,Chaos,desc,0.45,0.7586031404196579,0.1190744494238461,0.07252154707380568
12345,Chaos,desc,0.5,0.7580052149866525,0.19779986259017107,0.07252154707380568
12345,Chaos,desc,0.55,0.7584292387812055,0.1419710809798162,0.07252154707380568
12345,Chaos,desc,0.6000000000000001,0.7586840577507046,0.10842052843750453,0.07252154707380568
12345,Chaos,desc,0.65,0.7576867229317122,0.23973388518114266,0.07252154707380568
12345,Chaos,desc,0.7000000000000001,0.7579621559365468,0.20346920081029457,0.07252154707380568
12345,Chaos,desc,0.75,0.7628598157612566,-0.4413775843655119,0.07252154707380568
12345,Chaos,desc,0.8,0.7668018974986215,-0.9604088822140967,0.07252154707380568
12345,Chaos,desc,0.8500000000000001,0.7776497524352055,-2.388683738425491,0.07252154707380568
12345,Chaos,desc,0.9,0.792848770531159,-4.389851297584267,0.07252154707380568
12345,Chaos,desc,0.9500000000000001,0.8256537945688519,-8.709100703513512,0.07252154707380568
12345,Failure,desc,0.0,0.7595075198172131,0.0,0.07252154707380568
12345,Failure,desc,0.05,0.7678023775134092,-1.092136348853053,0.07252154707380568
12345,Failure,desc,0.1,0.7919054129339327,-4.265644812116755,0.07252154707380568
12345,Failure,desc,0.15000000000000002,0.8026898839465119,-5.6855742705077175,0.07252154707380568
12345,Failure,desc,0.2,0.8007213783803535,-5.426392430328952,0.07252154707380568
12345,Failure,desc,0.25,0.797263793526208,-4.971152058913326,0.07252154707380568
12345,Failure,desc,0.30000000000000004,0.784106161595592,-3.2387621105185276,0.07252154707380568
12345,Failure,desc,0.35000000000000003,0.7713432835319675,-1.5583471402103855,0.07252154707380568
12345,Failure,desc,0.4,0.7485259699273271,1.4458777040849908,0.07252154707380568
12345,Failure,desc,0.45,0.7245695357915236,4.600084016824196,0.07252154707380568
12345,Failure,desc,0.5,0.7140744880491193,5.9819067728293085,0.07252154707380568
12345,Failure,desc,0.55,0.6910059828918194,9.019204568491917,0.07252154707380568
12345,Failure,desc,0.6000000000000001,0.6510422412658523,14.281001270068344,0.07252154707380568
12345,Failure,desc,0.65,0.5946912839140369,21.700408699421658,0.07252154707380568
12345,Failure,desc,0.7000000000000001,0.5439494008826111,28.38130147631445,0.07252154707380568
12345,Failure,desc,0.75,0.5232493360206216,31.10676031929882,0.07252154707380568
12345,Failure,desc,0.8,0.5286571419269981,30.394745524807,0.07252154707380568
12345,Failure,desc,0.8500000000000001,0.46936210147765367,38.20178349378124,0.07252154707380568
12345,Failure,desc,0.9,0.32309689986052303,57.459683883277265,0.07252154707380568
12345,Failure,desc,0.9500000000000001,0.31116474846851916,59.03072183624914,0.07252154707380568
54321,Residual,asc,0.0,0.709126271289964,0.0,0.17254136626797384
54321,Residual,asc,0.05,0.6982619183747967,1.5320759299192326,0.17254136626797384
54321,Residual,asc,0.1,0.6867471253615755,3.1558760173528557,0.17254136626797384
54321,Residual,asc,0.15000000000000002,0.67546408896706,4.746994108915109,0.17254136626797384
54321,Residual,asc,0.2,0.6651981639412549,6.194680570612617,0.17254136626797384
54321,Residual,asc,0.25,0.6526648940373784,7.962104851915488,0.17254136626797384
54321,Residual,asc,0.30000000000000004,0.6378564994350887,10.050364052262397,0.17254136626797384
54321,Residual,asc,0.35000000000000003,0.6174211935004783,12.932122458623052,0.17254136626797384
54321,Residual,asc,0.4,0.6008296639498145,15.271836868086734,0.17254136626797384
54321,Residual,asc,0.45,0.5841604228630374,17.622510050234432,0.17254136626797384
54321,Residual,asc,0.5,0.565053878292976,20.31688837799048,0.17254136626797384
54321,Residual,asc,0.55,0.5420338662566806,23.56313844208978,0.17254136626797384
54321,Residual,asc,0.6000000000000001,0.5244898098677131,26.037176860812206,0.17254136626797384
54321,Residual,asc,0.65,0.5021296820064601,29.190370976802,0.17254136626797384
54321,Residual,asc,0.7000000000000001,0.481740408931178,32.06563789339673,0.17254136626797384
54321,Residual,asc,0.75,0.4582034587371063,35.38478585716571,0.17254136626797384
54321,Residual,asc,0.8,0.44344827346556265,37.46554155173371,0.17254136626797384
54321,Residual,asc,0.8500000000000001,0.4357751018130987,38.547601540641715,0.17254136626797384
54321,Residual,asc,0.9,0.4120323999496796,41.89576431851045,0.17254136626797384
54321,Residual,asc,0.9500000000000001,0.38915448219983595,45.12197644406415,0.17254136626797384
54321,Chaos,asc,0.0,0.7091262712899642,0.0,0.17254136626797384
54321,Chaos,asc,0.05,0.7091634567926995,-0.005243847850638043,0.17254136626797384
54321,Chaos,asc,0.1,0.7098912715777592,-0.10787927605663539,0.17254136626797384
54321,Chaos,asc,0.15000000000000002,0.7106817246402907,-0.2193478669880564,0.17254136626797384
54321,Chaos,asc,0.2,0.7113033341945311,-0.3070063813327069,0.17254136626797384
54321,Chaos,asc,0.25,0.711982057275616,-0.402718965757242,0.17254136626797384
54321,Chaos,asc,0.30000000000000004,0.7115588279413637,-0.34303575398137226,0.17254136626797384
54321,Chaos,asc,0.35000000000000003,0.7096319384144951,-0.07130847424550706,0.17254136626797384
54321,Chaos,asc,0.4,0.7104541808688237,-0.18725996097196418,0.17254136626797384
54321,Chaos,asc,0.45,0.7110145867064651,-0.26628761236921933,0.17254136626797384
54321,Chaos,asc,0.5,0.7109656398623968,-0.2593851965301798,0.17254136626797384
54321,Chaos,asc,0.55,0.7098866028066536,-0.10722089245210241,0.17254136626797384
54321,Chaos,asc,0.6000000000000001,0.7107026349567379,-0.22229661071591242,0.17254136626797384
54321,Chaos,asc,0.65,0.7101351768415246,-0.14227445694898927,0.17254136626797384
54321,Chaos,asc,0.7000000000000001,0.7104279843895217,-0.18356576991423237,0.17254136626797384
54321,Chaos,asc,0.75,0.7067904674371168,0.3293918089649023,0.17254136626797384
54321,Chaos,asc,0.8,0.7001809729344595,1.2614535263560929,0.17254136626797384
54321,Chaos,asc,0.8500000000000001,0.6979129423821573,1.5812880387873456,0.17254136626797384
54321,Chaos,asc,0.9,0.7041289070728367,0.7047213478689535,0.17254136626797384
54321,Chaos,asc,0.9500000000000001,0.6855714262206571,3.3216714741732356,0.17254136626797384
54321,Failure,asc,0.0,0.709126271289964,0.0,0.17254136626797384
54321,Failure,asc,0.05,0.718939006160953,-1.3837782166973946,0.17254136626797384
54321,Failure,asc,0.1,0.7322404087102566,-3.259523494771388,0.17254136626797384
54321,Failure,asc,0.15000000000000002,0.7379661889373508,-4.066965054746092,0.17254136626797384
54321,Failure,asc,0.2,0.727386030981783,-2.574965902561035,0.17254136626797384
54321,Failure,asc,0.25,0.7091399894097621,-0.001934510164622344,0.17254136626797384
54321,Failure,asc,0.30000000000000004,0.6968139333390979,1.7362687647249082,0.17254136626797384
54321,Failure,asc,0.35000000000000003,0.6734291235546876,5.033962099632838,0.17254136626797384
54321,Failure,asc,0.4,0.6561741345608427,7.467236636543811,0.17254136626797384
54321,Failure,asc,0.45,0.6363754501384563,10.259219563134705,0.17254136626797384
54321,Failure,asc,0.5,0.6233335728821021,12.098366945536693,0.17254136626797384
54321,Failure,asc,0.55,0.6161081542384672,13.117285428205685,0.17254136626797384
54321,Failure,asc,0.6000000000000001,0.6034408541328276,14.90361046205286,0.17254136626797384
54321,Failure,asc,0.65,0.5705056201766248,19.548091323873233,0.17254136626797384
54321,Failure,asc,0.7000000000000001,0.5127971824044639,27.686054914925084,0.17254136626797384
54321,Failure,asc,0.75,0.5342811800363013,24.656411464717536,0.17254136626797384
54321,Failure,asc,0.8,0.5413392761513868,23.661088572188657,0.17254136626797384
54321,Failure,asc,0.8500000000000001,0.5644417922994894,20.403203893050044,0.17254136626797384
54321,Failure,asc,0.9,0.5828149103400377,17.81225235389384,0.17254136626797384
54321,Failure,asc,0.9500000000000001,0.4984561981364355,29.70840056035448,0.17254136626797384
54321,Residual,desc,0.0,0.709126271289964,0.0,0.17254136626797384
54321,Residual,desc,0.05,0.728358204967489,-2.71206052520667,0.17254136626797384
54321,Residual,desc,0.1,0.7477569735501506,-5.447647876578302,0.17254136626797384
54321,Residual,desc,0.15000000000000002,0.766190131163119,-8.047066112689738,0.17254136626797384
54321,Residual,desc,0.2,0.7869148919402492,-10.969643038154658,0.17254136626797384
54321,Residual,desc,0.25,0.8077995559791269,-13.914769299079474,0.17254136626797384
54321,Residual,desc,0.30000000000000004,0.8251567621018244,-16.362458353262056,0.17254136626797384
54321,Residual,desc,0.35000000000000003,0.8418855713901512,-18.72153176030077,0.17254136626797384
54321,Residual,desc,0.4,0.8546766776803856,-20.52531577001828,0.17254136626797384
54321,Residual,desc,0.45,0.8676558982290006,-22.355627390684184,0.17254136626797384
54321,Residual,desc,0.5,0.8758215302800074,-23.507133459716545,0.17254136626797384
54321,Residual,desc,0.55,0.8832674315219421,-24.5571440915875,0.17254136626797384
54321,Residual,desc,0.6000000000000001,0.8899644796662962,-25.501552501696406,0.17254136626797384
54321,Residual,desc,0.65,0.8960518411175894,-26.35998374275306,0.17254136626797384
54321,Residual,desc,0.7000000000000001,0.8977199528437148,-26.595218537127675,0.17254136626797384
54321,Residual,desc,0.75,0.9026855844242911,-27.295464992747416,0.17254136626797384
54321,Residual,desc,0.8,0.9063058619847694,-27.805991496566346,0.17254136626797384
54321,Residual,desc,0.8500000000000001,0.9170590353361799,-29.322389039115375,0.17254136626797384
54321,Residual,desc,0.9,0.9210982209893076,-29.89198937923252,0.17254136626797384
54321,Residual,desc,0.9500000000000001,0.917859749213729,-29.435304595902256,0.17254136626797384
54321,Chaos,desc,0.0,0.7091262712899637,0.0,0.17254136626797384
54321,Chaos,desc,0.05,0.7103402726472178,-0.1711967820689604,0.17254136626797384
54321,Chaos,desc,0.1,0.7097193848460465,-0.08364004833776467,0.17254136626797384
54321,Chaos,desc,0.15000000000000002,0.7110625457406548,-0.273050728633808,0.17254136626797384
54321,Chaos,desc,0.2,0.7113544356869361,-0.3142126426819792,0.17254136626797384
54321,Chaos,desc,0.25,0.7098625065309498,-0.10382286918334256,0.17254136626797384
54321,Chaos,desc,0.30000000000000004,0.7086221157802896,0.07109530842188291,0.17254136626797384
54321,Chaos,desc,0.35000000000000003,0.708537112509325,0.08308235140787643,0.17254136626797384
54321,Chaos,desc,0.4,0.7081217372403833,0.14165799382289357,0.17254136626797384
54321,Chaos,desc,0.45,0.7086342326874081,0.06938659904118098,0.17254136626797384
54321,Chaos,desc,0.5,0.7072259076480678,0.26798663634884246,0.17254136626797384
54321,Chaos,desc,0.55,0.7069151560117405,0.3118083996805038,0.17254136626797384
54321,Chaos,desc,0.6000000000000001,0.7071270994341784,0.28192043317598176,0.17254136626797384
54321,Chaos,desc,0.65,0.7082691124513565,0.12087534664990138,0.17254136626797384
54321,Chaos,desc,0.7000000000000001,0.7033480811947785,0.8148323266424987,0.17254136626797384
54321,Chaos,desc,0.75,0.7006509635884857,1.1951760983358783,0.17254136626797384
54321,Chaos,desc,0.8,0.7004500614255149,1.2235070417946918,0.17254136626797384
54321,Chaos,desc,0.8500000000000001,0.700610288356085,1.2009120630078272,0.17254136626797384
54321,Chaos,desc,0.9,0.7019111716975653,1.0174633044229913,0.17254136626797384
54321,Chaos,desc,0.9500000000000001,0.7083095373654642,0.11517468151530119,0.17254136626797384
54321,Failure,desc,0.0,0.7091262712899639,0.0,0.17254136626797384
54321,Failure,desc,0.05,0.7271468903580317,-2.541242624573298,0.17254136626797384
54321,Failure,desc,0.1,0.7325460189859725,-3.3026202305840426,0.17254136626797384
54321,Failure,desc,0.15000000000000002,0.7506934487456498,-5.8617455224260056,0.17254136626797384
54321,Failure,desc,0.2,0.7755319443610471,-9.364435610358282,0.17254136626797384
54321,Failure,desc,0.25,0.7942181495033351,-11.999538256928709,0.17254136626797384
54321,Failure,desc,0.30000000000000004,0.8258327369866816,-16.457783390878785,0.17254136626797384
54321,Failure,desc,0.35000000000000003,0.8206379276564898,-15.725218607918206,0.17254136626797384
54321,Failure,desc,0.4,0.822450909386656,-15.980882768670313,0.17254136626797384
54321,Failure,desc,0.45,0.8330679219075737,-17.478079100376434,0.17254136626797384
54321,Failure,desc,0.5,0.83740908861603,-18.090264388697417,0.17254136626797384
54321,Failure,desc,0.55,0.8365805333464991,-17.973422677555657,0.17254136626797384
54321,Failure,desc,0.6000000000000001,0.8212719238845563,-15.814623873769262,0.17254136626797384
54321,Failure,desc,0.65,0.8023328143883163,-13.14385700713096,0.17254136626797384
54321,Failure,desc,0.7000000000000001,0.7565665018749215,-6.689955302129705,0.17254136626797384
54321,Failure,desc,0.75,0.7091160079396657,0.0014473233771920128,0.17254136626797384
54321,Failure,desc,0.8,0.5550813215464848,21.723204453172713,0.17254136626797384
54321,Failure,desc,0.8500000000000001,0.14667045434967046,79.31673662535955,0.17254136626797384
54321,Failure,desc,0.9,0.07454754711643098,89.48740864150719,0.17254136626797384
54321,Failure,desc,0.9500000000000001,0.05689634438038839,91.97655668899576,0.17254136626797384
